application,replicate,budget,method,mse,efficiency_error,data_sha256
ImageNet ViT-9 local explanation,1,16,GP-LeverageSHAP,0.03200119627713591,2.997487027922574e-06,c8ea8c7a24b71432e96557035a78e634b61f98d56a3977228a59100843efb206
ImageNet ViT-9 local explanation,1,16,GP-random,0.012743021137174607,1.3792166346782153e-06,c8ea8c7a24b71432e96557035a78e634b61f98d56a3977228a59100843efb206
ImageNet ViT-9 local explanation,1,16,GP-uncertainty,0.012251773062972291,1.233354810170617e-06,c8ea8c7a24b71432e96557035a78e634b61f98d56a3977228a59100843efb206
ImageNet ViT-9 local explanation,1,16,ShaplEIG,0.01039232321629415,3.5876197366224716e-06,c8ea8c7a24b71432e96557035a78e634b61f98d56a3977228a59100843efb206
ImageNet ViT-9 local explanation,1,24,GP-LeverageSHAP,0.00810064925547261,6.180023730206763e-06,c8ea8c7a24b71432e96557035a78e634b61f98d56a3977228a59100843efb206
ImageNet ViT-9 local explanation,1,24,GP-random,0.009927629830748762,1.8324221996435242e-06,c8ea8c7a24b71432e96557035a78e634b61f98d56a3977228a59100843efb206
ImageNet ViT-9 local explanation,1,24,GP-uncertainty,0.006221090462963921,1.513361125526913e-06,c8ea8c7a24b71432e96557035a78e634b61f98d56a3977228a59100843efb206
ImageNet ViT-9 local explanation,1,24,ShaplEIG,0.023370873891304367,1.4208354172096094e-06,c8ea8c7a24b71432e96557035a78e634b61f98d56a3977228a59100843efb206
ImageNet ViT-9 local explanation,1,32,GP-LeverageSHAP,0.005012219347961742,3.92937779269964e-06,c8ea8c7a24b71432e96557035a78e634b61f98d56a3977228a59100843efb206
ImageNet ViT-9 local explanation,1,32,GP-random,0.0071832391526044405,1.2684426182296704e-05,c8ea8c7a24b71432e96557035a78e634b61f98d56a3977228a59100843efb206
ImageNet ViT-9 local explanation,1,32,GP-uncertainty,0.007881296948373175,1.4224514994776172e-06,c8ea8c7a24b71432e96557035a78e634b61f98d56a3977228a59100843efb206
ImageNet ViT-9 local explanation,1,32,ShaplEIG,0.010828875514843801,1.1223241411784102e-06,c8ea8c7a24b71432e96557035a78e634b61f98d56a3977228a59100843efb206
ImageNet ViT-9 local explanation,1,48,GP-LeverageSHAP,0.0017656442089563395,2.2983892066230638e-06,c8ea8c7a24b71432e96557035a78e634b61f98d56a3977228a59100843efb206
ImageNet ViT-9 local explanation,1,48,GP-random,0.005876761836931812,1.2817810490783899e-07,c8ea8c7a24b71432e96557035a78e634b61f98d56a3977228a59100843efb206
ImageNet ViT-9 local explanation,1,48,GP-uncertainty,0.005707912967604929,1.8054628010411022e-06,c8ea8c7a24b71432e96557035a78e634b61f98d56a3977228a59100843efb206
ImageNet ViT-9 local explanation,1,48,ShaplEIG,0.009377506225644563,2.433032702087168e-06,c8ea8c7a24b71432e96557035a78e634b61f98d56a3977228a59100843efb206
ImageNet ViT-9 local explanation,1,64,GP-LeverageSHAP,0.0002886283878385436,1.6116810622746058e-06,c8ea8c7a24b71432e96557035a78e634b61f98d56a3977228a59100843efb206
ImageNet ViT-9 local explanation,1,64,GP-random,0.006204792456413801,5.606050025308562e-07,c8ea8c7a24b71432e96557035a78e634b61f98d56a3977228a59100843efb206
ImageNet ViT-9 local explanation,1,64,GP-uncertainty,0.0030345339741557815,5.300764136517699e-07,c8ea8c7a24b71432e96557035a78e634b61f98d56a3977228a59100843efb206
ImageNet ViT-9 local explanation,1,64,ShaplEIG,0.0039213819552733915,2.2167563374919652e-06,c8ea8c7a24b71432e96557035a78e634b61f98d56a3977228a59100843efb206
ImageNet ViT-9 local explanation,2,16,GP-LeverageSHAP,0.006539260956004839,8.603596799439117e-06,c1f01f7c8e065ab85e73113550007137d7cc344fa315de4e35b32dcc94100ece
ImageNet ViT-9 local explanation,2,16,GP-random,0.0033227846236724146,2.091637498757848e-07,c1f01f7c8e065ab85e73113550007137d7cc344fa315de4e35b32dcc94100ece
ImageNet ViT-9 local explanation,2,16,GP-uncertainty,0.0028222021575075463,7.587891603932917e-08,c1f01f7c8e065ab85e73113550007137d7cc344fa315de4e35b32dcc94100ece
ImageNet ViT-9 local explanation,2,16,ShaplEIG,0.004787786109374743,1.7396382089307494e-06,c1f01f7c8e065ab85e73113550007137d7cc344fa315de4e35b32dcc94100ece
ImageNet ViT-9 local explanation,2,24,GP-LeverageSHAP,0.002556485630979292,7.160058550170767e-06,c1f01f7c8e065ab85e73113550007137d7cc344fa315de4e35b32dcc94100ece
ImageNet ViT-9 local explanation,2,24,GP-random,0.0010230460939308543,8.832136297876048e-07,c1f01f7c8e065ab85e73113550007137d7cc344fa315de4e35b32dcc94100ece
ImageNet ViT-9 local explanation,2,24,GP-uncertainty,0.002798964341766465,7.395113608144044e-07,c1f01f7c8e065ab85e73113550007137d7cc344fa315de4e35b32dcc94100ece
ImageNet ViT-9 local explanation,2,24,ShaplEIG,0.0033399005110407772,3.6409440868911958e-06,c1f01f7c8e065ab85e73113550007137d7cc344fa315de4e35b32dcc94100ece
ImageNet ViT-9 local explanation,2,32,GP-LeverageSHAP,0.0025242704435444064,6.458490316774146e-06,c1f01f7c8e065ab85e73113550007137d7cc344fa315de4e35b32dcc94100ece
ImageNet ViT-9 local explanation,2,32,GP-random,0.0030311332485445665,6.841281507963259e-07,c1f01f7c8e065ab85e73113550007137d7cc344fa315de4e35b32dcc94100ece
ImageNet ViT-9 local explanation,2,32,GP-uncertainty,0.00189028979468474,2.1462196975186032e-07,c1f01f7c8e065ab85e73113550007137d7cc344fa315de4e35b32dcc94100ece
ImageNet ViT-9 local explanation,2,32,ShaplEIG,0.0016391787709752713,3.0954891836465492e-06,c1f01f7c8e065ab85e73113550007137d7cc344fa315de4e35b32dcc94100ece
ImageNet ViT-9 local explanation,2,48,GP-LeverageSHAP,0.001153873131599308,9.686932306074425e-06,c1f01f7c8e065ab85e73113550007137d7cc344fa315de4e35b32dcc94100ece
ImageNet ViT-9 local explanation,2,48,GP-random,0.0007329968304331993,1.9395582251391374e-08,c1f01f7c8e065ab85e73113550007137d7cc344fa315de4e35b32dcc94100ece
ImageNet ViT-9 local explanation,2,48,GP-uncertainty,0.0011318037998890803,3.789442917234709e-07,c1f01f7c8e065ab85e73113550007137d7cc344fa315de4e35b32dcc94100ece
ImageNet ViT-9 local explanation,2,48,ShaplEIG,0.0006513178042055934,1.3274931440765414e-06,c1f01f7c8e065ab85e73113550007137d7cc344fa315de4e35b32dcc94100ece
ImageNet ViT-9 local explanation,2,64,GP-LeverageSHAP,0.0007725302392593899,1.5104282788946932e-05,c1f01f7c8e065ab85e73113550007137d7cc344fa315de4e35b32dcc94100ece
ImageNet ViT-9 local explanation,2,64,GP-random,0.00024996997416960095,4.0076694796109535e-07,c1f01f7c8e065ab85e73113550007137d7cc344fa315de4e35b32dcc94100ece
ImageNet ViT-9 local explanation,2,64,GP-uncertainty,0.0006744865587204661,2.539168560966587e-07,c1f01f7c8e065ab85e73113550007137d7cc344fa315de4e35b32dcc94100ece
ImageNet ViT-9 local explanation,2,64,ShaplEIG,8.117786647987299e-05,1.3402485781188744e-06,c1f01f7c8e065ab85e73113550007137d7cc344fa315de4e35b32dcc94100ece
ImageNet ViT-9 local explanation,3,16,GP-LeverageSHAP,0.0007795052806480159,3.5971297590586815e-07,b12268d3e39bab74b2c68d3f6a4cb34bb2a0ba06fb5b7ddccbbef95280e236b1
ImageNet ViT-9 local explanation,3,16,GP-random,0.00041060219021243444,5.955238766564008e-07,b12268d3e39bab74b2c68d3f6a4cb34bb2a0ba06fb5b7ddccbbef95280e236b1
ImageNet ViT-9 local explanation,3,16,GP-uncertainty,0.0003813331347932573,6.537223619096366e-07,b12268d3e39bab74b2c68d3f6a4cb34bb2a0ba06fb5b7ddccbbef95280e236b1
ImageNet ViT-9 local explanation,3,16,ShaplEIG,0.00073411813342067,4.3422945916749e-07,b12268d3e39bab74b2c68d3f6a4cb34bb2a0ba06fb5b7ddccbbef95280e236b1
ImageNet ViT-9 local explanation,3,24,GP-LeverageSHAP,0.0005136265866289868,4.4325163912062315e-06,b12268d3e39bab74b2c68d3f6a4cb34bb2a0ba06fb5b7ddccbbef95280e236b1
ImageNet ViT-9 local explanation,3,24,GP-random,0.0025099497425095105,2.3410449313587822e-05,b12268d3e39bab74b2c68d3f6a4cb34bb2a0ba06fb5b7ddccbbef95280e236b1
ImageNet ViT-9 local explanation,3,24,GP-uncertainty,0.0007805873248782167,8.29975804861327e-07,b12268d3e39bab74b2c68d3f6a4cb34bb2a0ba06fb5b7ddccbbef95280e236b1
ImageNet ViT-9 local explanation,3,24,ShaplEIG,0.0004212579242264425,9.466584989792359e-07,b12268d3e39bab74b2c68d3f6a4cb34bb2a0ba06fb5b7ddccbbef95280e236b1
ImageNet ViT-9 local explanation,3,32,GP-LeverageSHAP,0.0005240129829106359,1.984136024923977e-07,b12268d3e39bab74b2c68d3f6a4cb34bb2a0ba06fb5b7ddccbbef95280e236b1
ImageNet ViT-9 local explanation,3,32,GP-random,0.0006142612067162156,8.239994566672237e-07,b12268d3e39bab74b2c68d3f6a4cb34bb2a0ba06fb5b7ddccbbef95280e236b1
ImageNet ViT-9 local explanation,3,32,GP-uncertainty,0.0005673368360802671,6.248270333908401e-07,b12268d3e39bab74b2c68d3f6a4cb34bb2a0ba06fb5b7ddccbbef95280e236b1
ImageNet ViT-9 local explanation,3,32,ShaplEIG,0.0004823295048528589,7.426267790711094e-07,b12268d3e39bab74b2c68d3f6a4cb34bb2a0ba06fb5b7ddccbbef95280e236b1
ImageNet ViT-9 local explanation,3,48,GP-LeverageSHAP,0.0005350703983372905,8.204992744120787e-07,b12268d3e39bab74b2c68d3f6a4cb34bb2a0ba06fb5b7ddccbbef95280e236b1
ImageNet ViT-9 local explanation,3,48,GP-random,0.0004936076730160604,9.956356962770307e-07,b12268d3e39bab74b2c68d3f6a4cb34bb2a0ba06fb5b7ddccbbef95280e236b1
ImageNet ViT-9 local explanation,3,48,GP-uncertainty,0.00042738890980361364,6.838737340308931e-07,b12268d3e39bab74b2c68d3f6a4cb34bb2a0ba06fb5b7ddccbbef95280e236b1
ImageNet ViT-9 local explanation,3,48,ShaplEIG,0.00017542265287244355,1.0425061676699876e-06,b12268d3e39bab74b2c68d3f6a4cb34bb2a0ba06fb5b7ddccbbef95280e236b1
ImageNet ViT-9 local explanation,3,64,GP-LeverageSHAP,0.00011085864222039224,6.892023869442543e-06,b12268d3e39bab74b2c68d3f6a4cb34bb2a0ba06fb5b7ddccbbef95280e236b1
ImageNet ViT-9 local explanation,3,64,GP-random,0.0003547392468519946,1.4763034830167499e-06,b12268d3e39bab74b2c68d3f6a4cb34bb2a0ba06fb5b7ddccbbef95280e236b1
ImageNet ViT-9 local explanation,3,64,GP-uncertainty,0.0006527315027039321,6.456053002756867e-07,b12268d3e39bab74b2c68d3f6a4cb34bb2a0ba06fb5b7ddccbbef95280e236b1
ImageNet ViT-9 local explanation,3,64,ShaplEIG,9.438425451668603e-05,9.658309450544245e-07,b12268d3e39bab74b2c68d3f6a4cb34bb2a0ba06fb5b7ddccbbef95280e236b1
ImageNet ViT-9 local explanation,4,16,GP-LeverageSHAP,0.04921427204904992,3.28214964344653e-05,31974d6fb290eaafaa72f1d5e36cef082b4a55a6382b8f9d61d75b659f9b0546
ImageNet ViT-9 local explanation,4,16,GP-random,0.029014466986036103,1.1561296421325196e-06,31974d6fb290eaafaa72f1d5e36cef082b4a55a6382b8f9d61d75b659f9b0546
ImageNet ViT-9 local explanation,4,16,GP-uncertainty,0.011003308550800062,1.9197223289912912e-06,31974d6fb290eaafaa72f1d5e36cef082b4a55a6382b8f9d61d75b659f9b0546
ImageNet ViT-9 local explanation,4,16,ShaplEIG,0.02195064408767516,7.958372792771229e-06,31974d6fb290eaafaa72f1d5e36cef082b4a55a6382b8f9d61d75b659f9b0546
ImageNet ViT-9 local explanation,4,24,GP-LeverageSHAP,0.0063708546202503056,7.683804233327152e-06,31974d6fb290eaafaa72f1d5e36cef082b4a55a6382b8f9d61d75b659f9b0546
ImageNet ViT-9 local explanation,4,24,GP-random,0.030256127398525044,5.88743992779861e-07,31974d6fb290eaafaa72f1d5e36cef082b4a55a6382b8f9d61d75b659f9b0546
ImageNet ViT-9 local explanation,4,24,GP-uncertainty,0.009111433724947618,6.095097098257618e-06,31974d6fb290eaafaa72f1d5e36cef082b4a55a6382b8f9d61d75b659f9b0546
ImageNet ViT-9 local explanation,4,24,ShaplEIG,0.020957121510482696,9.28158177559979e-06,31974d6fb290eaafaa72f1d5e36cef082b4a55a6382b8f9d61d75b659f9b0546
ImageNet ViT-9 local explanation,4,32,GP-LeverageSHAP,0.006226601706047,2.4870833270296266e-05,31974d6fb290eaafaa72f1d5e36cef082b4a55a6382b8f9d61d75b659f9b0546
ImageNet ViT-9 local explanation,4,32,GP-random,0.012458294782305637,1.0924706494996883e-07,31974d6fb290eaafaa72f1d5e36cef082b4a55a6382b8f9d61d75b659f9b0546
ImageNet ViT-9 local explanation,4,32,GP-uncertainty,0.005611105084168578,3.8326516633713226e-06,31974d6fb290eaafaa72f1d5e36cef082b4a55a6382b8f9d61d75b659f9b0546
ImageNet ViT-9 local explanation,4,32,ShaplEIG,0.013226734534363375,3.030060356623565e-06,31974d6fb290eaafaa72f1d5e36cef082b4a55a6382b8f9d61d75b659f9b0546
ImageNet ViT-9 local explanation,4,48,GP-LeverageSHAP,0.0034632215845152433,6.993403249921926e-05,31974d6fb290eaafaa72f1d5e36cef082b4a55a6382b8f9d61d75b659f9b0546
ImageNet ViT-9 local explanation,4,48,GP-random,0.0019541331415147277,3.335978461249667e-07,31974d6fb290eaafaa72f1d5e36cef082b4a55a6382b8f9d61d75b659f9b0546
ImageNet ViT-9 local explanation,4,48,GP-uncertainty,0.0031379662894717355,2.5750769487853375e-06,31974d6fb290eaafaa72f1d5e36cef082b4a55a6382b8f9d61d75b659f9b0546
ImageNet ViT-9 local explanation,4,48,ShaplEIG,0.002052818271119943,8.549225241849534e-06,31974d6fb290eaafaa72f1d5e36cef082b4a55a6382b8f9d61d75b659f9b0546
ImageNet ViT-9 local explanation,4,64,GP-LeverageSHAP,0.0023245971230304004,5.5970271719996134e-05,31974d6fb290eaafaa72f1d5e36cef082b4a55a6382b8f9d61d75b659f9b0546
ImageNet ViT-9 local explanation,4,64,GP-random,0.00320221379511924,7.363713979691155e-07,31974d6fb290eaafaa72f1d5e36cef082b4a55a6382b8f9d61d75b659f9b0546
ImageNet ViT-9 local explanation,4,64,GP-uncertainty,0.002297183763645535,1.7633672341199613e-06,31974d6fb290eaafaa72f1d5e36cef082b4a55a6382b8f9d61d75b659f9b0546
ImageNet ViT-9 local explanation,4,64,ShaplEIG,0.0013876129206447864,3.738564391286836e-06,31974d6fb290eaafaa72f1d5e36cef082b4a55a6382b8f9d61d75b659f9b0546
ImageNet ViT-9 local explanation,5,16,GP-LeverageSHAP,0.0012186110445880029,5.454854726166802e-06,e8c385d7ee172ffee3231a661be2bbf1068cce102c9e60cad091ddf9ed2c3710
ImageNet ViT-9 local explanation,5,16,GP-random,0.0011590684215516097,2.635983908927386e-07,e8c385d7ee172ffee3231a661be2bbf1068cce102c9e60cad091ddf9ed2c3710
ImageNet ViT-9 local explanation,5,16,GP-uncertainty,0.0007412942153465784,2.889365074143502e-07,e8c385d7ee172ffee3231a661be2bbf1068cce102c9e60cad091ddf9ed2c3710
ImageNet ViT-9 local explanation,5,16,ShaplEIG,0.0014026109786749777,3.258542116135743e-07,e8c385d7ee172ffee3231a661be2bbf1068cce102c9e60cad091ddf9ed2c3710
ImageNet ViT-9 local explanation,5,24,GP-LeverageSHAP,0.0005958205535771758,4.435739642955072e-06,e8c385d7ee172ffee3231a661be2bbf1068cce102c9e60cad091ddf9ed2c3710
ImageNet ViT-9 local explanation,5,24,GP-random,0.0006089563916561011,2.8981024111085496e-07,e8c385d7ee172ffee3231a661be2bbf1068cce102c9e60cad091ddf9ed2c3710
ImageNet ViT-9 local explanation,5,24,GP-uncertainty,0.0008161170559139406,8.905302830986006e-07,e8c385d7ee172ffee3231a661be2bbf1068cce102c9e60cad091ddf9ed2c3710
ImageNet ViT-9 local explanation,5,24,ShaplEIG,8.317608920495847e-05,4.941461835827887e-07,e8c385d7ee172ffee3231a661be2bbf1068cce102c9e60cad091ddf9ed2c3710
ImageNet ViT-9 local explanation,5,32,GP-LeverageSHAP,0.0003128867507985888,1.0813578290025383e-06,e8c385d7ee172ffee3231a661be2bbf1068cce102c9e60cad091ddf9ed2c3710
ImageNet ViT-9 local explanation,5,32,GP-random,0.00045938982281898,1.2235714632602424e-06,e8c385d7ee172ffee3231a661be2bbf1068cce102c9e60cad091ddf9ed2c3710
ImageNet ViT-9 local explanation,5,32,GP-uncertainty,0.00036009518084745534,5.888162457057255e-07,e8c385d7ee172ffee3231a661be2bbf1068cce102c9e60cad091ddf9ed2c3710
ImageNet ViT-9 local explanation,5,32,ShaplEIG,0.0003708080591359303,4.791328672149042e-07,e8c385d7ee172ffee3231a661be2bbf1068cce102c9e60cad091ddf9ed2c3710
ImageNet ViT-9 local explanation,5,48,GP-LeverageSHAP,0.0004010852277998001,1.6090059306583804e-06,e8c385d7ee172ffee3231a661be2bbf1068cce102c9e60cad091ddf9ed2c3710
ImageNet ViT-9 local explanation,5,48,GP-random,0.0005582175991254283,1.2614698567114946e-06,e8c385d7ee172ffee3231a661be2bbf1068cce102c9e60cad091ddf9ed2c3710
ImageNet ViT-9 local explanation,5,48,GP-uncertainty,0.00021526250354511056,2.8522867565050625e-07,e8c385d7ee172ffee3231a661be2bbf1068cce102c9e60cad091ddf9ed2c3710
ImageNet ViT-9 local explanation,5,48,ShaplEIG,0.00010854313451588981,1.4670624247092867e-06,e8c385d7ee172ffee3231a661be2bbf1068cce102c9e60cad091ddf9ed2c3710
ImageNet ViT-9 local explanation,5,64,GP-LeverageSHAP,0.00037320456255575,9.170865863938893e-07,e8c385d7ee172ffee3231a661be2bbf1068cce102c9e60cad091ddf9ed2c3710
ImageNet ViT-9 local explanation,5,64,GP-random,0.0004747211090263858,6.795238132739634e-07,e8c385d7ee172ffee3231a661be2bbf1068cce102c9e60cad091ddf9ed2c3710
ImageNet ViT-9 local explanation,5,64,GP-uncertainty,0.00015173851360093463,2.570648161004385e-07,e8c385d7ee172ffee3231a661be2bbf1068cce102c9e60cad091ddf9ed2c3710
ImageNet ViT-9 local explanation,5,64,ShaplEIG,8.05120312712294e-05,8.512337184019003e-07,e8c385d7ee172ffee3231a661be2bbf1068cce102c9e60cad091ddf9ed2c3710
ImageNet ViT-9 local explanation,6,16,GP-LeverageSHAP,0.012960510560610542,6.739507447339754e-06,b843c0884ac2fa236964980ac61981f8afc85f158d5b95a851685404b0b4768f
ImageNet ViT-9 local explanation,6,16,GP-random,0.010634103117137183,1.955507309414628e-06,b843c0884ac2fa236964980ac61981f8afc85f158d5b95a851685404b0b4768f
ImageNet ViT-9 local explanation,6,16,GP-uncertainty,0.007060792642357992,2.6079951047641714e-06,b843c0884ac2fa236964980ac61981f8afc85f158d5b95a851685404b0b4768f
ImageNet ViT-9 local explanation,6,16,ShaplEIG,0.005102559351671938,2.1275952053478875e-06,b843c0884ac2fa236964980ac61981f8afc85f158d5b95a851685404b0b4768f
ImageNet ViT-9 local explanation,6,24,GP-LeverageSHAP,0.002299015602861154,2.3822824690711286e-07,b843c0884ac2fa236964980ac61981f8afc85f158d5b95a851685404b0b4768f
ImageNet ViT-9 local explanation,6,24,GP-random,0.006755691808016758,2.9692134665415537e-06,b843c0884ac2fa236964980ac61981f8afc85f158d5b95a851685404b0b4768f
ImageNet ViT-9 local explanation,6,24,GP-uncertainty,0.009827741674850643,9.51167504981143e-07,b843c0884ac2fa236964980ac61981f8afc85f158d5b95a851685404b0b4768f
ImageNet ViT-9 local explanation,6,24,ShaplEIG,0.0030798301166022586,2.4293492059124233e-06,b843c0884ac2fa236964980ac61981f8afc85f158d5b95a851685404b0b4768f
ImageNet ViT-9 local explanation,6,32,GP-LeverageSHAP,0.0018555668527338379,2.8885791156785245e-06,b843c0884ac2fa236964980ac61981f8afc85f158d5b95a851685404b0b4768f
ImageNet ViT-9 local explanation,6,32,GP-random,0.0029134682478017247,2.829844036655871e-06,b843c0884ac2fa236964980ac61981f8afc85f158d5b95a851685404b0b4768f
ImageNet ViT-9 local explanation,6,32,GP-uncertainty,0.0049292776264600454,2.426847763303819e-06,b843c0884ac2fa236964980ac61981f8afc85f158d5b95a851685404b0b4768f
ImageNet ViT-9 local explanation,6,32,ShaplEIG,0.002722645148833362,1.3585886460276697e-06,b843c0884ac2fa236964980ac61981f8afc85f158d5b95a851685404b0b4768f
ImageNet ViT-9 local explanation,6,48,GP-LeverageSHAP,0.003578825165208895,1.5266897187560247e-06,b843c0884ac2fa236964980ac61981f8afc85f158d5b95a851685404b0b4768f
ImageNet ViT-9 local explanation,6,48,GP-random,0.001951403792992847,1.6925385554200645e-06,b843c0884ac2fa236964980ac61981f8afc85f158d5b95a851685404b0b4768f
ImageNet ViT-9 local explanation,6,48,GP-uncertainty,0.0014944665306743524,1.3575021658995823e-06,b843c0884ac2fa236964980ac61981f8afc85f158d5b95a851685404b0b4768f
ImageNet ViT-9 local explanation,6,48,ShaplEIG,0.0045586255281975085,5.591251466263714e-07,b843c0884ac2fa236964980ac61981f8afc85f158d5b95a851685404b0b4768f
ImageNet ViT-9 local explanation,6,64,GP-LeverageSHAP,0.004261848377143254,6.76995594695029e-07,b843c0884ac2fa236964980ac61981f8afc85f158d5b95a851685404b0b4768f
ImageNet ViT-9 local explanation,6,64,GP-random,0.003152137259943731,2.570802415946538e-06,b843c0884ac2fa236964980ac61981f8afc85f158d5b95a851685404b0b4768f
ImageNet ViT-9 local explanation,6,64,GP-uncertainty,0.0015890718351553841,3.444406967423319e-07,b843c0884ac2fa236964980ac61981f8afc85f158d5b95a851685404b0b4768f
ImageNet ViT-9 local explanation,6,64,ShaplEIG,0.0014451875385645665,3.1475302419980977e-06,b843c0884ac2fa236964980ac61981f8afc85f158d5b95a851685404b0b4768f
ImageNet ViT-9 local explanation,7,16,GP-LeverageSHAP,0.0007639596814673481,8.09440941718087e-07,0c3fdb954775e41fb7b0e6b4ba74decbacfd6b1f3c538e024899901512b56726
ImageNet ViT-9 local explanation,7,16,GP-random,0.005773427081418152,3.28302093066668e-07,0c3fdb954775e41fb7b0e6b4ba74decbacfd6b1f3c538e024899901512b56726
ImageNet ViT-9 local explanation,7,16,GP-uncertainty,0.00023089166767830958,7.711391500908604e-07,0c3fdb954775e41fb7b0e6b4ba74decbacfd6b1f3c538e024899901512b56726
ImageNet ViT-9 local explanation,7,16,ShaplEIG,0.004414491278755043,1.4139767459120378e-06,0c3fdb954775e41fb7b0e6b4ba74decbacfd6b1f3c538e024899901512b56726
ImageNet ViT-9 local explanation,7,24,GP-LeverageSHAP,0.0004523106242024244,6.826962274386617e-07,0c3fdb954775e41fb7b0e6b4ba74decbacfd6b1f3c538e024899901512b56726
ImageNet ViT-9 local explanation,7,24,GP-random,0.00023249041209896166,4.6638816741939593e-07,0c3fdb954775e41fb7b0e6b4ba74decbacfd6b1f3c538e024899901512b56726
ImageNet ViT-9 local explanation,7,24,GP-uncertainty,0.00043775717749045245,7.209310560751803e-07,0c3fdb954775e41fb7b0e6b4ba74decbacfd6b1f3c538e024899901512b56726
ImageNet ViT-9 local explanation,7,24,ShaplEIG,0.0005015974129539812,3.9835984431135785e-06,0c3fdb954775e41fb7b0e6b4ba74decbacfd6b1f3c538e024899901512b56726
ImageNet ViT-9 local explanation,7,32,GP-LeverageSHAP,0.0002835447752387693,1.5622815109139765e-05,0c3fdb954775e41fb7b0e6b4ba74decbacfd6b1f3c538e024899901512b56726
ImageNet ViT-9 local explanation,7,32,GP-random,0.0003712628800338761,2.332794493131729e-07,0c3fdb954775e41fb7b0e6b4ba74decbacfd6b1f3c538e024899901512b56726
ImageNet ViT-9 local explanation,7,32,GP-uncertainty,0.00033607315862284884,5.55428947612846e-07,0c3fdb954775e41fb7b0e6b4ba74decbacfd6b1f3c538e024899901512b56726
ImageNet ViT-9 local explanation,7,32,ShaplEIG,0.0003615999193633308,1.1235029709899536e-06,0c3fdb954775e41fb7b0e6b4ba74decbacfd6b1f3c538e024899901512b56726
ImageNet ViT-9 local explanation,7,48,GP-LeverageSHAP,0.00033786606718816506,1.011876445045079e-05,0c3fdb954775e41fb7b0e6b4ba74decbacfd6b1f3c538e024899901512b56726
ImageNet ViT-9 local explanation,7,48,GP-random,0.0001553183253761932,2.2330881217502707e-06,0c3fdb954775e41fb7b0e6b4ba74decbacfd6b1f3c538e024899901512b56726
ImageNet ViT-9 local explanation,7,48,GP-uncertainty,0.000256997211328891,3.684324880737222e-07,0c3fdb954775e41fb7b0e6b4ba74decbacfd6b1f3c538e024899901512b56726
ImageNet ViT-9 local explanation,7,48,ShaplEIG,5.733531565173128e-05,2.665716657634931e-06,0c3fdb954775e41fb7b0e6b4ba74decbacfd6b1f3c538e024899901512b56726
ImageNet ViT-9 local explanation,7,64,GP-LeverageSHAP,3.8499974913957443e-05,2.0375945222195213e-06,0c3fdb954775e41fb7b0e6b4ba74decbacfd6b1f3c538e024899901512b56726
ImageNet ViT-9 local explanation,7,64,GP-random,0.00012587137166892483,2.5530921121674766e-07,0c3fdb954775e41fb7b0e6b4ba74decbacfd6b1f3c538e024899901512b56726
ImageNet ViT-9 local explanation,7,64,GP-uncertainty,0.00017311569356285615,2.960001943552726e-07,0c3fdb954775e41fb7b0e6b4ba74decbacfd6b1f3c538e024899901512b56726
ImageNet ViT-9 local explanation,7,64,ShaplEIG,8.720290977511803e-05,2.1978886198814607e-06,0c3fdb954775e41fb7b0e6b4ba74decbacfd6b1f3c538e024899901512b56726
ImageNet ViT-9 local explanation,8,16,GP-LeverageSHAP,0.007335875598397468,1.541614064182184e-07,5afb4dd2ee02deb7dab6197c631e403b9078e4767f76d0b7ece819486bab0f4a
ImageNet ViT-9 local explanation,8,16,GP-random,0.006607493569299113,2.2442218672313885e-07,5afb4dd2ee02deb7dab6197c631e403b9078e4767f76d0b7ece819486bab0f4a
ImageNet ViT-9 local explanation,8,16,GP-uncertainty,0.005923521429444545,4.8642196937009885e-08,5afb4dd2ee02deb7dab6197c631e403b9078e4767f76d0b7ece819486bab0f4a
ImageNet ViT-9 local explanation,8,16,ShaplEIG,0.0047022319040725515,2.9295093351144885e-07,5afb4dd2ee02deb7dab6197c631e403b9078e4767f76d0b7ece819486bab0f4a
ImageNet ViT-9 local explanation,8,24,GP-LeverageSHAP,0.0020218643396621738,3.821602571341121e-06,5afb4dd2ee02deb7dab6197c631e403b9078e4767f76d0b7ece819486bab0f4a
ImageNet ViT-9 local explanation,8,24,GP-random,0.0022397976655366514,5.066736236125635e-08,5afb4dd2ee02deb7dab6197c631e403b9078e4767f76d0b7ece819486bab0f4a
ImageNet ViT-9 local explanation,8,24,GP-uncertainty,0.0023626662745869853,6.032703941949435e-08,5afb4dd2ee02deb7dab6197c631e403b9078e4767f76d0b7ece819486bab0f4a
ImageNet ViT-9 local explanation,8,24,ShaplEIG,0.002038511964912635,2.6878187081580407e-07,5afb4dd2ee02deb7dab6197c631e403b9078e4767f76d0b7ece819486bab0f4a
ImageNet ViT-9 local explanation,8,32,GP-LeverageSHAP,0.00046858273074016694,1.5378617902461755e-06,5afb4dd2ee02deb7dab6197c631e403b9078e4767f76d0b7ece819486bab0f4a
ImageNet ViT-9 local explanation,8,32,GP-random,0.0012301052319333367,2.0658406219009606e-07,5afb4dd2ee02deb7dab6197c631e403b9078e4767f76d0b7ece819486bab0f4a
ImageNet ViT-9 local explanation,8,32,GP-uncertainty,0.0014461487394838912,1.6742768199629054e-07,5afb4dd2ee02deb7dab6197c631e403b9078e4767f76d0b7ece819486bab0f4a
ImageNet ViT-9 local explanation,8,32,ShaplEIG,0.0008830704279673542,3.6677769549298134e-07,5afb4dd2ee02deb7dab6197c631e403b9078e4767f76d0b7ece819486bab0f4a
ImageNet ViT-9 local explanation,8,48,GP-LeverageSHAP,0.0008565742582087428,5.8074078261305395e-06,5afb4dd2ee02deb7dab6197c631e403b9078e4767f76d0b7ece819486bab0f4a
ImageNet ViT-9 local explanation,8,48,GP-random,0.0006868682789435665,2.2403835414630535e-07,5afb4dd2ee02deb7dab6197c631e403b9078e4767f76d0b7ece819486bab0f4a
ImageNet ViT-9 local explanation,8,48,GP-uncertainty,0.0007401022214041772,1.8344121049951312e-07,5afb4dd2ee02deb7dab6197c631e403b9078e4767f76d0b7ece819486bab0f4a
ImageNet ViT-9 local explanation,8,48,ShaplEIG,0.0003776062948239983,3.8530594226315884e-07,5afb4dd2ee02deb7dab6197c631e403b9078e4767f76d0b7ece819486bab0f4a
ImageNet ViT-9 local explanation,8,64,GP-LeverageSHAP,0.0006722907674541244,3.367204219340003e-06,5afb4dd2ee02deb7dab6197c631e403b9078e4767f76d0b7ece819486bab0f4a
ImageNet ViT-9 local explanation,8,64,GP-random,0.0008993252403436913,8.539896834136584e-08,5afb4dd2ee02deb7dab6197c631e403b9078e4767f76d0b7ece819486bab0f4a
ImageNet ViT-9 local explanation,8,64,GP-uncertainty,0.00012086545407268907,1.053576600407169e-07,5afb4dd2ee02deb7dab6197c631e403b9078e4767f76d0b7ece819486bab0f4a
ImageNet ViT-9 local explanation,8,64,ShaplEIG,0.0005769592501102152,1.784142124428012e-06,5afb4dd2ee02deb7dab6197c631e403b9078e4767f76d0b7ece819486bab0f4a
ImageNet ViT-9 local explanation,9,16,GP-LeverageSHAP,0.004178479446197198,4.496442671531042e-06,55411dae679c302b40028c9a292fa7738c2159d1cf059629801e74c61b8221c9
ImageNet ViT-9 local explanation,9,16,GP-random,0.00329457672797514,3.031691401478298e-06,55411dae679c302b40028c9a292fa7738c2159d1cf059629801e74c61b8221c9
ImageNet ViT-9 local explanation,9,16,GP-uncertainty,0.006039813237244322,3.607832126606425e-06,55411dae679c302b40028c9a292fa7738c2159d1cf059629801e74c61b8221c9
ImageNet ViT-9 local explanation,9,16,ShaplEIG,0.004585292538631911,7.391317342175796e-06,55411dae679c302b40028c9a292fa7738c2159d1cf059629801e74c61b8221c9
ImageNet ViT-9 local explanation,9,24,GP-LeverageSHAP,0.0034789674085327817,3.803041460426204e-05,55411dae679c302b40028c9a292fa7738c2159d1cf059629801e74c61b8221c9
ImageNet ViT-9 local explanation,9,24,GP-random,0.012776012951841357,1.8083644501842855e-06,55411dae679c302b40028c9a292fa7738c2159d1cf059629801e74c61b8221c9
ImageNet ViT-9 local explanation,9,24,GP-uncertainty,0.002118748958101292,3.1953915280436007e-06,55411dae679c302b40028c9a292fa7738c2159d1cf059629801e74c61b8221c9
ImageNet ViT-9 local explanation,9,24,ShaplEIG,0.0024311366545322426,1.3590606773861147e-05,55411dae679c302b40028c9a292fa7738c2159d1cf059629801e74c61b8221c9
ImageNet ViT-9 local explanation,9,32,GP-LeverageSHAP,0.003788133261031978,4.281846918430254e-05,55411dae679c302b40028c9a292fa7738c2159d1cf059629801e74c61b8221c9
ImageNet ViT-9 local explanation,9,32,GP-random,0.008742091380827259,2.7024032756006733e-06,55411dae679c302b40028c9a292fa7738c2159d1cf059629801e74c61b8221c9
ImageNet ViT-9 local explanation,9,32,GP-uncertainty,0.007676534477495524,2.083358741855612e-06,55411dae679c302b40028c9a292fa7738c2159d1cf059629801e74c61b8221c9
ImageNet ViT-9 local explanation,9,32,ShaplEIG,0.002408278596227594,2.890275723421709e-06,55411dae679c302b40028c9a292fa7738c2159d1cf059629801e74c61b8221c9
ImageNet ViT-9 local explanation,9,48,GP-LeverageSHAP,0.0027245248122964695,1.1818766638027611e-05,55411dae679c302b40028c9a292fa7738c2159d1cf059629801e74c61b8221c9
ImageNet ViT-9 local explanation,9,48,GP-random,0.004137313371799765,2.35455803132556e-06,55411dae679c302b40028c9a292fa7738c2159d1cf059629801e74c61b8221c9
ImageNet ViT-9 local explanation,9,48,GP-uncertainty,0.0013684314688432344,5.829935045831292e-07,55411dae679c302b40028c9a292fa7738c2159d1cf059629801e74c61b8221c9
ImageNet ViT-9 local explanation,9,48,ShaplEIG,0.0019228035326712446,2.414314203669221e-06,55411dae679c302b40028c9a292fa7738c2159d1cf059629801e74c61b8221c9
ImageNet ViT-9 local explanation,9,64,GP-LeverageSHAP,0.00317944989065444,6.670520820262205e-06,55411dae679c302b40028c9a292fa7738c2159d1cf059629801e74c61b8221c9
ImageNet ViT-9 local explanation,9,64,GP-random,0.0037222707109798945,6.3150446916182545e-06,55411dae679c302b40028c9a292fa7738c2159d1cf059629801e74c61b8221c9
ImageNet ViT-9 local explanation,9,64,GP-uncertainty,0.000990003247840783,3.1418780503944532e-06,55411dae679c302b40028c9a292fa7738c2159d1cf059629801e74c61b8221c9
ImageNet ViT-9 local explanation,9,64,ShaplEIG,0.0016746002170345393,5.3820078521615855e-06,55411dae679c302b40028c9a292fa7738c2159d1cf059629801e74c61b8221c9
ImageNet ViT-9 local explanation,10,16,GP-LeverageSHAP,0.03321425550782278,8.31415417290593e-06,9d63121b9dfc7a7d4312785f6a0a680920fe7df979514e6b2c5885b91fce4035
ImageNet ViT-9 local explanation,10,16,GP-random,0.01642276465672729,2.186392698666495e-06,9d63121b9dfc7a7d4312785f6a0a680920fe7df979514e6b2c5885b91fce4035
ImageNet ViT-9 local explanation,10,16,GP-uncertainty,0.015280661972189564,4.2250262120013815e-06,9d63121b9dfc7a7d4312785f6a0a680920fe7df979514e6b2c5885b91fce4035
ImageNet ViT-9 local explanation,10,16,ShaplEIG,0.026137410538360453,7.554805572351775e-06,9d63121b9dfc7a7d4312785f6a0a680920fe7df979514e6b2c5885b91fce4035
ImageNet ViT-9 local explanation,10,24,GP-LeverageSHAP,0.003596220887883029,9.389307693230542e-06,9d63121b9dfc7a7d4312785f6a0a680920fe7df979514e6b2c5885b91fce4035
ImageNet ViT-9 local explanation,10,24,GP-random,0.008610288929231666,6.300676937076588e-06,9d63121b9dfc7a7d4312785f6a0a680920fe7df979514e6b2c5885b91fce4035
ImageNet ViT-9 local explanation,10,24,GP-uncertainty,0.002861742840892414,2.9923210186355576e-06,9d63121b9dfc7a7d4312785f6a0a680920fe7df979514e6b2c5885b91fce4035
ImageNet ViT-9 local explanation,10,24,ShaplEIG,0.0019474716764018721,6.455260329829571e-06,9d63121b9dfc7a7d4312785f6a0a680920fe7df979514e6b2c5885b91fce4035
ImageNet ViT-9 local explanation,10,32,GP-LeverageSHAP,0.0028479374571686086,8.212242840910378e-05,9d63121b9dfc7a7d4312785f6a0a680920fe7df979514e6b2c5885b91fce4035
ImageNet ViT-9 local explanation,10,32,GP-random,0.008586407947326067,7.692828577487987e-07,9d63121b9dfc7a7d4312785f6a0a680920fe7df979514e6b2c5885b91fce4035
ImageNet ViT-9 local explanation,10,32,GP-uncertainty,0.0012449543034518489,1.7454464362742783e-06,9d63121b9dfc7a7d4312785f6a0a680920fe7df979514e6b2c5885b91fce4035
ImageNet ViT-9 local explanation,10,32,ShaplEIG,0.0033960575628908065,3.974724862909618e-06,9d63121b9dfc7a7d4312785f6a0a680920fe7df979514e6b2c5885b91fce4035
ImageNet ViT-9 local explanation,10,48,GP-LeverageSHAP,0.001538413464385272,5.3091388738102374e-05,9d63121b9dfc7a7d4312785f6a0a680920fe7df979514e6b2c5885b91fce4035
ImageNet ViT-9 local explanation,10,48,GP-random,0.0026269673166463255,2.291495646011832e-06,9d63121b9dfc7a7d4312785f6a0a680920fe7df979514e6b2c5885b91fce4035
ImageNet ViT-9 local explanation,10,48,GP-uncertainty,0.0005096336636463496,1.5767808969613384e-07,9d63121b9dfc7a7d4312785f6a0a680920fe7df979514e6b2c5885b91fce4035
ImageNet ViT-9 local explanation,10,48,ShaplEIG,0.0015585120085527381,3.1112468162897144e-06,9d63121b9dfc7a7d4312785f6a0a680920fe7df979514e6b2c5885b91fce4035
ImageNet ViT-9 local explanation,10,64,GP-LeverageSHAP,0.0013885742238367118,9.519404699243061e-05,9d63121b9dfc7a7d4312785f6a0a680920fe7df979514e6b2c5885b91fce4035
ImageNet ViT-9 local explanation,10,64,GP-random,0.0004368061168846147,5.506471553173853e-07,9d63121b9dfc7a7d4312785f6a0a680920fe7df979514e6b2c5885b91fce4035
ImageNet ViT-9 local explanation,10,64,GP-uncertainty,0.00018533515337454428,1.483926153067472e-07,9d63121b9dfc7a7d4312785f6a0a680920fe7df979514e6b2c5885b91fce4035
ImageNet ViT-9 local explanation,10,64,ShaplEIG,0.0005062916814297274,2.657942527739543e-06,9d63121b9dfc7a7d4312785f6a0a680920fe7df979514e6b2c5885b91fce4035
ImageNet ViT-9 local explanation,11,16,GP-LeverageSHAP,0.003232074601989311,3.3653423803237104e-07,7c8d308327f070485789251de5734463d2a4acbc9b4f08cba71407278ca918a6
ImageNet ViT-9 local explanation,11,16,GP-random,0.00688438066598656,3.458281898849336e-06,7c8d308327f070485789251de5734463d2a4acbc9b4f08cba71407278ca918a6
ImageNet ViT-9 local explanation,11,16,GP-uncertainty,0.00233927252841084,2.205418513034907e-06,7c8d308327f070485789251de5734463d2a4acbc9b4f08cba71407278ca918a6
ImageNet ViT-9 local explanation,11,16,ShaplEIG,0.0028030837837913934,8.263002382324913e-07,7c8d308327f070485789251de5734463d2a4acbc9b4f08cba71407278ca918a6
ImageNet ViT-9 local explanation,11,24,GP-LeverageSHAP,0.0024501105870813546,2.5695361426270047e-05,7c8d308327f070485789251de5734463d2a4acbc9b4f08cba71407278ca918a6
ImageNet ViT-9 local explanation,11,24,GP-random,0.002885004442420413,1.2255895699420094e-06,7c8d308327f070485789251de5734463d2a4acbc9b4f08cba71407278ca918a6
ImageNet ViT-9 local explanation,11,24,GP-uncertainty,0.0029028344857945755,1.9374121037474268e-06,7c8d308327f070485789251de5734463d2a4acbc9b4f08cba71407278ca918a6
ImageNet ViT-9 local explanation,11,24,ShaplEIG,0.0011594837982715973,1.0942253995116502e-06,7c8d308327f070485789251de5734463d2a4acbc9b4f08cba71407278ca918a6
ImageNet ViT-9 local explanation,11,32,GP-LeverageSHAP,0.0013893527671929315,8.027146748745828e-06,7c8d308327f070485789251de5734463d2a4acbc9b4f08cba71407278ca918a6
ImageNet ViT-9 local explanation,11,32,GP-random,0.00430055646395755,1.3063463039086898e-06,7c8d308327f070485789251de5734463d2a4acbc9b4f08cba71407278ca918a6
ImageNet ViT-9 local explanation,11,32,GP-uncertainty,0.0027262059188746498,1.0725217700624512e-06,7c8d308327f070485789251de5734463d2a4acbc9b4f08cba71407278ca918a6
ImageNet ViT-9 local explanation,11,32,ShaplEIG,0.0012520239788143957,2.447512441716704e-06,7c8d308327f070485789251de5734463d2a4acbc9b4f08cba71407278ca918a6
ImageNet ViT-9 local explanation,11,48,GP-LeverageSHAP,0.0014576352139584786,1.9084045994710586e-05,7c8d308327f070485789251de5734463d2a4acbc9b4f08cba71407278ca918a6
ImageNet ViT-9 local explanation,11,48,GP-random,0.0013484061280540042,5.43882294945508e-06,7c8d308327f070485789251de5734463d2a4acbc9b4f08cba71407278ca918a6
ImageNet ViT-9 local explanation,11,48,GP-uncertainty,0.0041797121990571695,3.5624569605374745e-07,7c8d308327f070485789251de5734463d2a4acbc9b4f08cba71407278ca918a6
ImageNet ViT-9 local explanation,11,48,ShaplEIG,0.002289180645565497,5.891267975233205e-06,7c8d308327f070485789251de5734463d2a4acbc9b4f08cba71407278ca918a6
ImageNet ViT-9 local explanation,11,64,GP-LeverageSHAP,0.0020444139085513528,3.468032980069591e-05,7c8d308327f070485789251de5734463d2a4acbc9b4f08cba71407278ca918a6
ImageNet ViT-9 local explanation,11,64,GP-random,0.0011885576012898081,1.3329064335598773e-06,7c8d308327f070485789251de5734463d2a4acbc9b4f08cba71407278ca918a6
ImageNet ViT-9 local explanation,11,64,GP-uncertainty,0.0009081010723418448,1.0349851364832574e-07,7c8d308327f070485789251de5734463d2a4acbc9b4f08cba71407278ca918a6
ImageNet ViT-9 local explanation,11,64,ShaplEIG,0.0011950183917818194,5.355518211236365e-06,7c8d308327f070485789251de5734463d2a4acbc9b4f08cba71407278ca918a6
ImageNet ViT-9 local explanation,12,16,GP-LeverageSHAP,0.0024880478957107974,6.531739815685e-08,7354c562b1947c11444b46fbdfb60771040bcae0a1140b17019de5a02250ecaa
ImageNet ViT-9 local explanation,12,16,GP-random,0.00473911572029084,7.378989101414213e-07,7354c562b1947c11444b46fbdfb60771040bcae0a1140b17019de5a02250ecaa
ImageNet ViT-9 local explanation,12,16,GP-uncertainty,0.001588006608818656,8.52962039887828e-09,7354c562b1947c11444b46fbdfb60771040bcae0a1140b17019de5a02250ecaa
ImageNet ViT-9 local explanation,12,16,ShaplEIG,0.0014228023880377319,2.133845890539554e-07,7354c562b1947c11444b46fbdfb60771040bcae0a1140b17019de5a02250ecaa
ImageNet ViT-9 local explanation,12,24,GP-LeverageSHAP,0.0009018805328655458,8.810105133094659e-06,7354c562b1947c11444b46fbdfb60771040bcae0a1140b17019de5a02250ecaa
ImageNet ViT-9 local explanation,12,24,GP-random,0.001774867482778279,4.7342070619293963e-07,7354c562b1947c11444b46fbdfb60771040bcae0a1140b17019de5a02250ecaa
ImageNet ViT-9 local explanation,12,24,GP-uncertainty,0.001102337864163637,7.81392670234915e-07,7354c562b1947c11444b46fbdfb60771040bcae0a1140b17019de5a02250ecaa
ImageNet ViT-9 local explanation,12,24,ShaplEIG,0.00107692898946204,1.6267568633265839e-06,7354c562b1947c11444b46fbdfb60771040bcae0a1140b17019de5a02250ecaa
ImageNet ViT-9 local explanation,12,32,GP-LeverageSHAP,0.0010935497484359789,3.3277462122005552e-06,7354c562b1947c11444b46fbdfb60771040bcae0a1140b17019de5a02250ecaa
ImageNet ViT-9 local explanation,12,32,GP-random,0.00022872935993500075,1.008354581000237e-06,7354c562b1947c11444b46fbdfb60771040bcae0a1140b17019de5a02250ecaa
ImageNet ViT-9 local explanation,12,32,GP-uncertainty,0.0008210368811392473,8.517144260422604e-07,7354c562b1947c11444b46fbdfb60771040bcae0a1140b17019de5a02250ecaa
ImageNet ViT-9 local explanation,12,32,ShaplEIG,0.0004541738164055126,2.217839469798033e-06,7354c562b1947c11444b46fbdfb60771040bcae0a1140b17019de5a02250ecaa
ImageNet ViT-9 local explanation,12,48,GP-LeverageSHAP,0.0010961082256641637,4.040014840095418e-05,7354c562b1947c11444b46fbdfb60771040bcae0a1140b17019de5a02250ecaa
ImageNet ViT-9 local explanation,12,48,GP-random,0.0008232672517568337,6.504701317022743e-07,7354c562b1947c11444b46fbdfb60771040bcae0a1140b17019de5a02250ecaa
ImageNet ViT-9 local explanation,12,48,GP-uncertainty,0.00044829650000384187,9.720873694885057e-08,7354c562b1947c11444b46fbdfb60771040bcae0a1140b17019de5a02250ecaa
ImageNet ViT-9 local explanation,12,48,ShaplEIG,0.0003104663721098924,5.52467399661527e-07,7354c562b1947c11444b46fbdfb60771040bcae0a1140b17019de5a02250ecaa
ImageNet ViT-9 local explanation,12,64,GP-LeverageSHAP,0.0008514724976497594,1.2376010161130324e-06,7354c562b1947c11444b46fbdfb60771040bcae0a1140b17019de5a02250ecaa
ImageNet ViT-9 local explanation,12,64,GP-random,0.000790853203242524,1.026871823461839e-06,7354c562b1947c11444b46fbdfb60771040bcae0a1140b17019de5a02250ecaa
ImageNet ViT-9 local explanation,12,64,GP-uncertainty,0.0002384764140053636,8.736083487725921e-07,7354c562b1947c11444b46fbdfb60771040bcae0a1140b17019de5a02250ecaa
ImageNet ViT-9 local explanation,12,64,ShaplEIG,0.00020727488202230482,2.788845906542825e-06,7354c562b1947c11444b46fbdfb60771040bcae0a1140b17019de5a02250ecaa
ImageNet ViT-9 local explanation,13,16,GP-LeverageSHAP,0.007890195662460513,2.46512494372908e-06,a6102b7f01335766ffd43c2dfec0b85bd571c1408baa09254c9ac44e831da38b
ImageNet ViT-9 local explanation,13,16,GP-random,0.008091366367965907,1.1626457574465121e-07,a6102b7f01335766ffd43c2dfec0b85bd571c1408baa09254c9ac44e831da38b
ImageNet ViT-9 local explanation,13,16,GP-uncertainty,0.013453526350219958,2.214697159552692e-06,a6102b7f01335766ffd43c2dfec0b85bd571c1408baa09254c9ac44e831da38b
ImageNet ViT-9 local explanation,13,16,ShaplEIG,0.02941956499048283,2.986445583941233e-06,a6102b7f01335766ffd43c2dfec0b85bd571c1408baa09254c9ac44e831da38b
ImageNet ViT-9 local explanation,13,24,GP-LeverageSHAP,0.004025046228021996,7.086629372654585e-06,a6102b7f01335766ffd43c2dfec0b85bd571c1408baa09254c9ac44e831da38b
ImageNet ViT-9 local explanation,13,24,GP-random,0.0077657314466133736,3.896807256209556e-06,a6102b7f01335766ffd43c2dfec0b85bd571c1408baa09254c9ac44e831da38b
ImageNet ViT-9 local explanation,13,24,GP-uncertainty,0.009832656211046965,2.5175585591785676e-06,a6102b7f01335766ffd43c2dfec0b85bd571c1408baa09254c9ac44e831da38b
ImageNet ViT-9 local explanation,13,24,ShaplEIG,0.005380697242482036,1.0120808261016023e-05,a6102b7f01335766ffd43c2dfec0b85bd571c1408baa09254c9ac44e831da38b
ImageNet ViT-9 local explanation,13,32,GP-LeverageSHAP,0.0034572178313033814,2.7553382946243765e-05,a6102b7f01335766ffd43c2dfec0b85bd571c1408baa09254c9ac44e831da38b
ImageNet ViT-9 local explanation,13,32,GP-random,0.005780474663789519,3.265568593313617e-08,a6102b7f01335766ffd43c2dfec0b85bd571c1408baa09254c9ac44e831da38b
ImageNet ViT-9 local explanation,13,32,GP-uncertainty,0.007179823287943253,2.2545603849399853e-06,a6102b7f01335766ffd43c2dfec0b85bd571c1408baa09254c9ac44e831da38b
ImageNet ViT-9 local explanation,13,32,ShaplEIG,0.0017962403732619736,9.014024172748769e-06,a6102b7f01335766ffd43c2dfec0b85bd571c1408baa09254c9ac44e831da38b
ImageNet ViT-9 local explanation,13,48,GP-LeverageSHAP,0.001098946981056467,5.853105975350825e-05,a6102b7f01335766ffd43c2dfec0b85bd571c1408baa09254c9ac44e831da38b
ImageNet ViT-9 local explanation,13,48,GP-random,0.001096695619465455,8.751941579232536e-07,a6102b7f01335766ffd43c2dfec0b85bd571c1408baa09254c9ac44e831da38b
ImageNet ViT-9 local explanation,13,48,GP-uncertainty,0.0018388071407568589,4.0798323397428504e-07,a6102b7f01335766ffd43c2dfec0b85bd571c1408baa09254c9ac44e831da38b
ImageNet ViT-9 local explanation,13,48,ShaplEIG,0.002127602129227291,6.436018603506177e-06,a6102b7f01335766ffd43c2dfec0b85bd571c1408baa09254c9ac44e831da38b
ImageNet ViT-9 local explanation,13,64,GP-LeverageSHAP,0.004106504983428001,2.3810070110097392e-05,a6102b7f01335766ffd43c2dfec0b85bd571c1408baa09254c9ac44e831da38b
ImageNet ViT-9 local explanation,13,64,GP-random,0.0009530641156278934,1.9072061652192218e-07,a6102b7f01335766ffd43c2dfec0b85bd571c1408baa09254c9ac44e831da38b
ImageNet ViT-9 local explanation,13,64,GP-uncertainty,0.0004015125994477644,5.364307130717449e-07,a6102b7f01335766ffd43c2dfec0b85bd571c1408baa09254c9ac44e831da38b
ImageNet ViT-9 local explanation,13,64,ShaplEIG,0.00029353403743591187,1.0732843655936186e-05,a6102b7f01335766ffd43c2dfec0b85bd571c1408baa09254c9ac44e831da38b
ImageNet ViT-9 local explanation,14,16,GP-LeverageSHAP,0.002884582804198641,1.52183676138673e-06,93c8d82952b59b4c65d944116fb0d9ec6817ae2c5c1a4a8afb46da26589dcfcc
ImageNet ViT-9 local explanation,14,16,GP-random,0.002982415590002568,5.834896141809764e-07,93c8d82952b59b4c65d944116fb0d9ec6817ae2c5c1a4a8afb46da26589dcfcc
ImageNet ViT-9 local explanation,14,16,GP-uncertainty,0.002738477051397036,1.4239598210563642e-06,93c8d82952b59b4c65d944116fb0d9ec6817ae2c5c1a4a8afb46da26589dcfcc
ImageNet ViT-9 local explanation,14,16,ShaplEIG,0.0029748223321689497,7.930100287545372e-07,93c8d82952b59b4c65d944116fb0d9ec6817ae2c5c1a4a8afb46da26589dcfcc
ImageNet ViT-9 local explanation,14,24,GP-LeverageSHAP,0.0045335799581320765,6.297166518565156e-06,93c8d82952b59b4c65d944116fb0d9ec6817ae2c5c1a4a8afb46da26589dcfcc
ImageNet ViT-9 local explanation,14,24,GP-random,0.0015085416079209197,3.8969888926931873e-07,93c8d82952b59b4c65d944116fb0d9ec6817ae2c5c1a4a8afb46da26589dcfcc
ImageNet ViT-9 local explanation,14,24,GP-uncertainty,0.005805438651355224,8.068392143290026e-07,93c8d82952b59b4c65d944116fb0d9ec6817ae2c5c1a4a8afb46da26589dcfcc
ImageNet ViT-9 local explanation,14,24,ShaplEIG,0.002153668625613754,2.6369451593399873e-06,93c8d82952b59b4c65d944116fb0d9ec6817ae2c5c1a4a8afb46da26589dcfcc
ImageNet ViT-9 local explanation,14,32,GP-LeverageSHAP,0.004235545128348071,3.7420123136788774e-05,93c8d82952b59b4c65d944116fb0d9ec6817ae2c5c1a4a8afb46da26589dcfcc
ImageNet ViT-9 local explanation,14,32,GP-random,0.000595365403154306,7.715166876476331e-07,93c8d82952b59b4c65d944116fb0d9ec6817ae2c5c1a4a8afb46da26589dcfcc
ImageNet ViT-9 local explanation,14,32,GP-uncertainty,0.005115247578597802,1.1181429816486954e-06,93c8d82952b59b4c65d944116fb0d9ec6817ae2c5c1a4a8afb46da26589dcfcc
ImageNet ViT-9 local explanation,14,32,ShaplEIG,0.0021751586883186885,3.7948615891902904e-06,93c8d82952b59b4c65d944116fb0d9ec6817ae2c5c1a4a8afb46da26589dcfcc
ImageNet ViT-9 local explanation,14,48,GP-LeverageSHAP,0.005271883559565076,0.00010817842336030559,93c8d82952b59b4c65d944116fb0d9ec6817ae2c5c1a4a8afb46da26589dcfcc
ImageNet ViT-9 local explanation,14,48,GP-random,0.00367619065737768,1.3111941363774804e-06,93c8d82952b59b4c65d944116fb0d9ec6817ae2c5c1a4a8afb46da26589dcfcc
ImageNet ViT-9 local explanation,14,48,GP-uncertainty,0.0032813796031985034,6.978764974796547e-07,93c8d82952b59b4c65d944116fb0d9ec6817ae2c5c1a4a8afb46da26589dcfcc
ImageNet ViT-9 local explanation,14,48,ShaplEIG,0.0028130269536965364,8.71361725296449e-06,93c8d82952b59b4c65d944116fb0d9ec6817ae2c5c1a4a8afb46da26589dcfcc
ImageNet ViT-9 local explanation,14,64,GP-LeverageSHAP,0.0026973960584910457,9.639499281399733e-05,93c8d82952b59b4c65d944116fb0d9ec6817ae2c5c1a4a8afb46da26589dcfcc
ImageNet ViT-9 local explanation,14,64,GP-random,0.0038904522888243013,5.576844934740421e-07,93c8d82952b59b4c65d944116fb0d9ec6817ae2c5c1a4a8afb46da26589dcfcc
ImageNet ViT-9 local explanation,14,64,GP-uncertainty,0.0011715147164937452,8.303973242362872e-08,93c8d82952b59b4c65d944116fb0d9ec6817ae2c5c1a4a8afb46da26589dcfcc
ImageNet ViT-9 local explanation,14,64,ShaplEIG,0.0007059740454010479,7.442386182110461e-06,93c8d82952b59b4c65d944116fb0d9ec6817ae2c5c1a4a8afb46da26589dcfcc
ImageNet ViT-9 local explanation,15,16,GP-LeverageSHAP,0.004559634218888552,4.3159278806381707e-07,9365985f6d1e8fcda2e66a5f199c98f87ec155bd474e5eea0fcb1932ac30a80a
ImageNet ViT-9 local explanation,15,16,GP-random,0.004377825535843713,9.906120040925614e-07,9365985f6d1e8fcda2e66a5f199c98f87ec155bd474e5eea0fcb1932ac30a80a
ImageNet ViT-9 local explanation,15,16,GP-uncertainty,0.0031275098134285963,3.209867724951465e-07,9365985f6d1e8fcda2e66a5f199c98f87ec155bd474e5eea0fcb1932ac30a80a
ImageNet ViT-9 local explanation,15,16,ShaplEIG,0.00713222013415262,7.670911915669265e-07,9365985f6d1e8fcda2e66a5f199c98f87ec155bd474e5eea0fcb1932ac30a80a
ImageNet ViT-9 local explanation,15,24,GP-LeverageSHAP,0.003869669279068823,2.010832418342101e-05,9365985f6d1e8fcda2e66a5f199c98f87ec155bd474e5eea0fcb1932ac30a80a
ImageNet ViT-9 local explanation,15,24,GP-random,0.004595862296043819,4.819003445177827e-07,9365985f6d1e8fcda2e66a5f199c98f87ec155bd474e5eea0fcb1932ac30a80a
ImageNet ViT-9 local explanation,15,24,GP-uncertainty,0.0025912838803768177,9.367872141341493e-07,9365985f6d1e8fcda2e66a5f199c98f87ec155bd474e5eea0fcb1932ac30a80a
ImageNet ViT-9 local explanation,15,24,ShaplEIG,0.0016345107716735459,1.4602723984458166e-06,9365985f6d1e8fcda2e66a5f199c98f87ec155bd474e5eea0fcb1932ac30a80a
ImageNet ViT-9 local explanation,15,32,GP-LeverageSHAP,0.0021129313537045923,1.23814099772801e-06,9365985f6d1e8fcda2e66a5f199c98f87ec155bd474e5eea0fcb1932ac30a80a
ImageNet ViT-9 local explanation,15,32,GP-random,0.0024560306522333738,2.667351507446014e-07,9365985f6d1e8fcda2e66a5f199c98f87ec155bd474e5eea0fcb1932ac30a80a
ImageNet ViT-9 local explanation,15,32,GP-uncertainty,0.0016113951481406574,3.5572835532793334e-07,9365985f6d1e8fcda2e66a5f199c98f87ec155bd474e5eea0fcb1932ac30a80a
ImageNet ViT-9 local explanation,15,32,ShaplEIG,0.0011201224160930783,1.8688646874487347e-06,9365985f6d1e8fcda2e66a5f199c98f87ec155bd474e5eea0fcb1932ac30a80a
ImageNet ViT-9 local explanation,15,48,GP-LeverageSHAP,0.0007008832967189212,2.0300065299849734e-06,9365985f6d1e8fcda2e66a5f199c98f87ec155bd474e5eea0fcb1932ac30a80a
ImageNet ViT-9 local explanation,15,48,GP-random,0.0009575658763833372,1.3152454841902639e-06,9365985f6d1e8fcda2e66a5f199c98f87ec155bd474e5eea0fcb1932ac30a80a
ImageNet ViT-9 local explanation,15,48,GP-uncertainty,0.0006916195628529708,7.397282308918562e-07,9365985f6d1e8fcda2e66a5f199c98f87ec155bd474e5eea0fcb1932ac30a80a
ImageNet ViT-9 local explanation,15,48,ShaplEIG,0.00019208170993459124,3.52808270487337e-07,9365985f6d1e8fcda2e66a5f199c98f87ec155bd474e5eea0fcb1932ac30a80a
ImageNet ViT-9 local explanation,15,64,GP-LeverageSHAP,0.0007032328023050307,0.00011523097448806752,9365985f6d1e8fcda2e66a5f199c98f87ec155bd474e5eea0fcb1932ac30a80a
ImageNet ViT-9 local explanation,15,64,GP-random,0.0008696843877410952,3.821498922973454e-06,9365985f6d1e8fcda2e66a5f199c98f87ec155bd474e5eea0fcb1932ac30a80a
ImageNet ViT-9 local explanation,15,64,GP-uncertainty,0.00042194996321369725,5.01895604410052e-07,9365985f6d1e8fcda2e66a5f199c98f87ec155bd474e5eea0fcb1932ac30a80a
ImageNet ViT-9 local explanation,15,64,ShaplEIG,0.0005758768065169217,2.5058639477881783e-06,9365985f6d1e8fcda2e66a5f199c98f87ec155bd474e5eea0fcb1932ac30a80a
ImageNet ViT-9 local explanation,16,16,GP-LeverageSHAP,0.02013492905186305,1.8343019704269992e-06,0564500762f6897ffd2febad3c2e118bb6511778067ce3b517983ab5e8c5d659
ImageNet ViT-9 local explanation,16,16,GP-random,0.018390363775891417,1.8079050204677927e-06,0564500762f6897ffd2febad3c2e118bb6511778067ce3b517983ab5e8c5d659
ImageNet ViT-9 local explanation,16,16,GP-uncertainty,0.0025425103160781784,1.8661519309848273e-06,0564500762f6897ffd2febad3c2e118bb6511778067ce3b517983ab5e8c5d659
ImageNet ViT-9 local explanation,16,16,ShaplEIG,0.0025962022807740205,2.0500448005833505e-09,0564500762f6897ffd2febad3c2e118bb6511778067ce3b517983ab5e8c5d659
ImageNet ViT-9 local explanation,16,24,GP-LeverageSHAP,0.0030141170226219306,1.022701637010126e-05,0564500762f6897ffd2febad3c2e118bb6511778067ce3b517983ab5e8c5d659
ImageNet ViT-9 local explanation,16,24,GP-random,0.0061387110049719645,1.28579002578455e-06,0564500762f6897ffd2febad3c2e118bb6511778067ce3b517983ab5e8c5d659
ImageNet ViT-9 local explanation,16,24,GP-uncertainty,0.0017838826433049526,9.45700252663606e-07,0564500762f6897ffd2febad3c2e118bb6511778067ce3b517983ab5e8c5d659
ImageNet ViT-9 local explanation,16,24,ShaplEIG,0.0017110638748250816,6.61036619342692e-06,0564500762f6897ffd2febad3c2e118bb6511778067ce3b517983ab5e8c5d659
ImageNet ViT-9 local explanation,16,32,GP-LeverageSHAP,0.0009161408811032491,1.0345474818374001e-05,0564500762f6897ffd2febad3c2e118bb6511778067ce3b517983ab5e8c5d659
ImageNet ViT-9 local explanation,16,32,GP-random,0.005165608257809841,7.011016981417484e-07,0564500762f6897ffd2febad3c2e118bb6511778067ce3b517983ab5e8c5d659
ImageNet ViT-9 local explanation,16,32,GP-uncertainty,0.0014956431753496867,1.670808222109521e-06,0564500762f6897ffd2febad3c2e118bb6511778067ce3b517983ab5e8c5d659
ImageNet ViT-9 local explanation,16,32,ShaplEIG,0.0014482821761659054,7.279747580302143e-06,0564500762f6897ffd2febad3c2e118bb6511778067ce3b517983ab5e8c5d659
ImageNet ViT-9 local explanation,16,48,GP-LeverageSHAP,0.0011607776168471974,3.342770303782494e-06,0564500762f6897ffd2febad3c2e118bb6511778067ce3b517983ab5e8c5d659
ImageNet ViT-9 local explanation,16,48,GP-random,0.003509879622997499,3.6049670804061407e-08,0564500762f6897ffd2febad3c2e118bb6511778067ce3b517983ab5e8c5d659
ImageNet ViT-9 local explanation,16,48,GP-uncertainty,0.002157226123590218,3.6194621344520783e-07,0564500762f6897ffd2febad3c2e118bb6511778067ce3b517983ab5e8c5d659
ImageNet ViT-9 local explanation,16,48,ShaplEIG,0.0006112585204889966,5.791463727367052e-06,0564500762f6897ffd2febad3c2e118bb6511778067ce3b517983ab5e8c5d659
ImageNet ViT-9 local explanation,16,64,GP-LeverageSHAP,0.0013290895979735777,2.187562587518954e-06,0564500762f6897ffd2febad3c2e118bb6511778067ce3b517983ab5e8c5d659
ImageNet ViT-9 local explanation,16,64,GP-random,0.0021963057625799215,6.02244087488657e-07,0564500762f6897ffd2febad3c2e118bb6511778067ce3b517983ab5e8c5d659
ImageNet ViT-9 local explanation,16,64,GP-uncertainty,0.0005332198273318565,4.08441140797855e-07,0564500762f6897ffd2febad3c2e118bb6511778067ce3b517983ab5e8c5d659
ImageNet ViT-9 local explanation,16,64,ShaplEIG,0.00047570742735032274,1.961182166110298e-06,0564500762f6897ffd2febad3c2e118bb6511778067ce3b517983ab5e8c5d659
ImageNet ViT-9 local explanation,17,16,GP-LeverageSHAP,0.0168683221919883,1.3903753921518103e-06,55c166c5309cdf17d589201ed25c4f4e33faaddfba709fd2fed7d2460f4bce7d
ImageNet ViT-9 local explanation,17,16,GP-random,0.018153574702240497,1.841665976276552e-06,55c166c5309cdf17d589201ed25c4f4e33faaddfba709fd2fed7d2460f4bce7d
ImageNet ViT-9 local explanation,17,16,GP-uncertainty,0.018455432796906635,1.8408863601271364e-06,55c166c5309cdf17d589201ed25c4f4e33faaddfba709fd2fed7d2460f4bce7d
ImageNet ViT-9 local explanation,17,16,ShaplEIG,0.027055667938129073,3.115789940055791e-06,55c166c5309cdf17d589201ed25c4f4e33faaddfba709fd2fed7d2460f4bce7d
ImageNet ViT-9 local explanation,17,24,GP-LeverageSHAP,0.012146601771314804,9.26292960024e-06,55c166c5309cdf17d589201ed25c4f4e33faaddfba709fd2fed7d2460f4bce7d
ImageNet ViT-9 local explanation,17,24,GP-random,0.015420600990733687,1.5043388519320189e-06,55c166c5309cdf17d589201ed25c4f4e33faaddfba709fd2fed7d2460f4bce7d
ImageNet ViT-9 local explanation,17,24,GP-uncertainty,0.010776481449871596,4.3488419854131877e-07,55c166c5309cdf17d589201ed25c4f4e33faaddfba709fd2fed7d2460f4bce7d
ImageNet ViT-9 local explanation,17,24,ShaplEIG,0.01771285569400968,4.607561949976358e-06,55c166c5309cdf17d589201ed25c4f4e33faaddfba709fd2fed7d2460f4bce7d
ImageNet ViT-9 local explanation,17,32,GP-LeverageSHAP,0.008306984458506203,1.1894787629085357e-05,55c166c5309cdf17d589201ed25c4f4e33faaddfba709fd2fed7d2460f4bce7d
ImageNet ViT-9 local explanation,17,32,GP-random,0.006457763518410351,6.794127164200248e-07,55c166c5309cdf17d589201ed25c4f4e33faaddfba709fd2fed7d2460f4bce7d
ImageNet ViT-9 local explanation,17,32,GP-uncertainty,0.010975726998988494,7.518489060220901e-07,55c166c5309cdf17d589201ed25c4f4e33faaddfba709fd2fed7d2460f4bce7d
ImageNet ViT-9 local explanation,17,32,ShaplEIG,0.010597082094523582,1.3813846110322103e-06,55c166c5309cdf17d589201ed25c4f4e33faaddfba709fd2fed7d2460f4bce7d
ImageNet ViT-9 local explanation,17,48,GP-LeverageSHAP,0.005777666905942501,3.267807704321335e-06,55c166c5309cdf17d589201ed25c4f4e33faaddfba709fd2fed7d2460f4bce7d
ImageNet ViT-9 local explanation,17,48,GP-random,0.004759373476837731,5.6074072829481736e-08,55c166c5309cdf17d589201ed25c4f4e33faaddfba709fd2fed7d2460f4bce7d
ImageNet ViT-9 local explanation,17,48,GP-uncertainty,0.010177274645061931,4.3591074150306497e-07,55c166c5309cdf17d589201ed25c4f4e33faaddfba709fd2fed7d2460f4bce7d
ImageNet ViT-9 local explanation,17,48,ShaplEIG,0.001241148974390817,2.211026547738193e-06,55c166c5309cdf17d589201ed25c4f4e33faaddfba709fd2fed7d2460f4bce7d
ImageNet ViT-9 local explanation,17,64,GP-LeverageSHAP,0.005282628748748925,1.2052082014379906e-05,55c166c5309cdf17d589201ed25c4f4e33faaddfba709fd2fed7d2460f4bce7d
ImageNet ViT-9 local explanation,17,64,GP-random,0.0035625837670291,5.774760156729286e-07,55c166c5309cdf17d589201ed25c4f4e33faaddfba709fd2fed7d2460f4bce7d
ImageNet ViT-9 local explanation,17,64,GP-uncertainty,0.002873605668030611,2.6510044515148934e-07,55c166c5309cdf17d589201ed25c4f4e33faaddfba709fd2fed7d2460f4bce7d
ImageNet ViT-9 local explanation,17,64,ShaplEIG,0.001137169766905732,1.1876860573911685e-06,55c166c5309cdf17d589201ed25c4f4e33faaddfba709fd2fed7d2460f4bce7d
ImageNet ViT-9 local explanation,18,16,GP-LeverageSHAP,0.06824430226048449,2.9610917531508463e-05,b26a535e2b0909682418aa0ade274f333eabb2af904dd60b8b48f441bca4aec9
ImageNet ViT-9 local explanation,18,16,GP-random,0.02726809019881725,1.330412161548722e-07,b26a535e2b0909682418aa0ade274f333eabb2af904dd60b8b48f441bca4aec9
ImageNet ViT-9 local explanation,18,16,GP-uncertainty,0.014524395289651357,3.5918316126926086e-06,b26a535e2b0909682418aa0ade274f333eabb2af904dd60b8b48f441bca4aec9
ImageNet ViT-9 local explanation,18,16,ShaplEIG,0.00739637786551423,1.4481527483845014e-06,b26a535e2b0909682418aa0ade274f333eabb2af904dd60b8b48f441bca4aec9
ImageNet ViT-9 local explanation,18,24,GP-LeverageSHAP,0.017214428582033096,3.6812222856563714e-05,b26a535e2b0909682418aa0ade274f333eabb2af904dd60b8b48f441bca4aec9
ImageNet ViT-9 local explanation,18,24,GP-random,0.0040634777722026475,2.902170725960218e-07,b26a535e2b0909682418aa0ade274f333eabb2af904dd60b8b48f441bca4aec9
ImageNet ViT-9 local explanation,18,24,GP-uncertainty,0.0013830330766208846,2.7890799380037024e-06,b26a535e2b0909682418aa0ade274f333eabb2af904dd60b8b48f441bca4aec9
ImageNet ViT-9 local explanation,18,24,ShaplEIG,0.004467199992346985,2.7453021831380653e-06,b26a535e2b0909682418aa0ade274f333eabb2af904dd60b8b48f441bca4aec9
ImageNet ViT-9 local explanation,18,32,GP-LeverageSHAP,0.014483709885689831,8.827089590834891e-05,b26a535e2b0909682418aa0ade274f333eabb2af904dd60b8b48f441bca4aec9
ImageNet ViT-9 local explanation,18,32,GP-random,0.0038415539869894747,8.31863487649187e-07,b26a535e2b0909682418aa0ade274f333eabb2af904dd60b8b48f441bca4aec9
ImageNet ViT-9 local explanation,18,32,GP-uncertainty,0.004979039177601262,1.1583379200263977e-07,b26a535e2b0909682418aa0ade274f333eabb2af904dd60b8b48f441bca4aec9
ImageNet ViT-9 local explanation,18,32,ShaplEIG,0.0067093465950288644,2.0524452934989057e-06,b26a535e2b0909682418aa0ade274f333eabb2af904dd60b8b48f441bca4aec9
ImageNet ViT-9 local explanation,18,48,GP-LeverageSHAP,0.009995079666951278,0.00021670407803342506,b26a535e2b0909682418aa0ade274f333eabb2af904dd60b8b48f441bca4aec9
ImageNet ViT-9 local explanation,18,48,GP-random,0.0020063214034007687,3.0289235408709203e-06,b26a535e2b0909682418aa0ade274f333eabb2af904dd60b8b48f441bca4aec9
ImageNet ViT-9 local explanation,18,48,GP-uncertainty,0.0008309118015604653,3.6399184222268843e-08,b26a535e2b0909682418aa0ade274f333eabb2af904dd60b8b48f441bca4aec9
ImageNet ViT-9 local explanation,18,48,ShaplEIG,0.00442153137358216,1.2552829255829678e-05,b26a535e2b0909682418aa0ade274f333eabb2af904dd60b8b48f441bca4aec9
ImageNet ViT-9 local explanation,18,64,GP-LeverageSHAP,0.0009311424291529238,4.987311744253375e-06,b26a535e2b0909682418aa0ade274f333eabb2af904dd60b8b48f441bca4aec9
ImageNet ViT-9 local explanation,18,64,GP-random,0.0019478794049544593,9.966347448431279e-07,b26a535e2b0909682418aa0ade274f333eabb2af904dd60b8b48f441bca4aec9
ImageNet ViT-9 local explanation,18,64,GP-uncertainty,0.000726921165035396,3.925425513529035e-07,b26a535e2b0909682418aa0ade274f333eabb2af904dd60b8b48f441bca4aec9
ImageNet ViT-9 local explanation,18,64,ShaplEIG,0.0009287298234953492,5.8293910028095475e-05,b26a535e2b0909682418aa0ade274f333eabb2af904dd60b8b48f441bca4aec9
ImageNet ViT-9 local explanation,19,16,GP-LeverageSHAP,0.014148391180270678,4.5883493027254474e-07,34668fd7b60eb1764423702a95dad87cff34629b01ff64d9bbe8b388742d546c
ImageNet ViT-9 local explanation,19,16,GP-random,0.0014128742806492586,2.1205663591761237e-07,34668fd7b60eb1764423702a95dad87cff34629b01ff64d9bbe8b388742d546c
ImageNet ViT-9 local explanation,19,16,GP-uncertainty,0.0036972108644466547,4.2102454944625833e-07,34668fd7b60eb1764423702a95dad87cff34629b01ff64d9bbe8b388742d546c
ImageNet ViT-9 local explanation,19,16,ShaplEIG,0.002373545324745673,7.991969898091256e-07,34668fd7b60eb1764423702a95dad87cff34629b01ff64d9bbe8b388742d546c
ImageNet ViT-9 local explanation,19,24,GP-LeverageSHAP,0.001028261393154651,2.1654168830265164e-06,34668fd7b60eb1764423702a95dad87cff34629b01ff64d9bbe8b388742d546c
ImageNet ViT-9 local explanation,19,24,GP-random,0.0009840651149375262,1.4644815471420713e-08,34668fd7b60eb1764423702a95dad87cff34629b01ff64d9bbe8b388742d546c
ImageNet ViT-9 local explanation,19,24,GP-uncertainty,0.003225221816108228,3.030134771986326e-07,34668fd7b60eb1764423702a95dad87cff34629b01ff64d9bbe8b388742d546c
ImageNet ViT-9 local explanation,19,24,ShaplEIG,0.00046844913899283115,9.721695576336842e-07,34668fd7b60eb1764423702a95dad87cff34629b01ff64d9bbe8b388742d546c
ImageNet ViT-9 local explanation,19,32,GP-LeverageSHAP,0.0007630179879512258,7.904560980209752e-06,34668fd7b60eb1764423702a95dad87cff34629b01ff64d9bbe8b388742d546c
ImageNet ViT-9 local explanation,19,32,GP-random,0.0005834968552710752,6.616914645096728e-07,34668fd7b60eb1764423702a95dad87cff34629b01ff64d9bbe8b388742d546c
ImageNet ViT-9 local explanation,19,32,GP-uncertainty,0.0016622616005747353,1.9144712215535264e-07,34668fd7b60eb1764423702a95dad87cff34629b01ff64d9bbe8b388742d546c
ImageNet ViT-9 local explanation,19,32,ShaplEIG,0.00040606199356806505,3.210263241237854e-06,34668fd7b60eb1764423702a95dad87cff34629b01ff64d9bbe8b388742d546c
ImageNet ViT-9 local explanation,19,48,GP-LeverageSHAP,0.000937605440977919,3.453248460960623e-05,34668fd7b60eb1764423702a95dad87cff34629b01ff64d9bbe8b388742d546c
ImageNet ViT-9 local explanation,19,48,GP-random,0.0009695873956230514,1.3375142293714504e-07,34668fd7b60eb1764423702a95dad87cff34629b01ff64d9bbe8b388742d546c
ImageNet ViT-9 local explanation,19,48,GP-uncertainty,0.00041041592650693223,1.494598431350802e-06,34668fd7b60eb1764423702a95dad87cff34629b01ff64d9bbe8b388742d546c
ImageNet ViT-9 local explanation,19,48,ShaplEIG,0.000806956038965061,2.8766202202490376e-06,34668fd7b60eb1764423702a95dad87cff34629b01ff64d9bbe8b388742d546c
ImageNet ViT-9 local explanation,19,64,GP-LeverageSHAP,0.0013742961275011582,2.1884390469573134e-05,34668fd7b60eb1764423702a95dad87cff34629b01ff64d9bbe8b388742d546c
ImageNet ViT-9 local explanation,19,64,GP-random,0.0006323519689416397,5.205459441270932e-08,34668fd7b60eb1764423702a95dad87cff34629b01ff64d9bbe8b388742d546c
ImageNet ViT-9 local explanation,19,64,GP-uncertainty,0.00016994426026277948,9.792426455268455e-07,34668fd7b60eb1764423702a95dad87cff34629b01ff64d9bbe8b388742d546c
ImageNet ViT-9 local explanation,19,64,ShaplEIG,0.0007706723962074746,3.928370954864313e-06,34668fd7b60eb1764423702a95dad87cff34629b01ff64d9bbe8b388742d546c
ImageNet ViT-9 local explanation,20,16,GP-LeverageSHAP,0.036360035721541374,7.938533280738014e-07,2cb01699e6e9ef37a47738d500ccb5b286e0004e1bdf24e1c25074e5bad44021
ImageNet ViT-9 local explanation,20,16,GP-random,0.03034631501932543,1.7861220003023703e-06,2cb01699e6e9ef37a47738d500ccb5b286e0004e1bdf24e1c25074e5bad44021
ImageNet ViT-9 local explanation,20,16,GP-uncertainty,0.005069256647442512,6.1877904368179415e-06,2cb01699e6e9ef37a47738d500ccb5b286e0004e1bdf24e1c25074e5bad44021
ImageNet ViT-9 local explanation,20,16,ShaplEIG,0.02661211191280826,2.170391626310497e-06,2cb01699e6e9ef37a47738d500ccb5b286e0004e1bdf24e1c25074e5bad44021
ImageNet ViT-9 local explanation,20,24,GP-LeverageSHAP,0.004329564160375961,0.00012127607993450695,2cb01699e6e9ef37a47738d500ccb5b286e0004e1bdf24e1c25074e5bad44021
ImageNet ViT-9 local explanation,20,24,GP-random,0.01710039420326691,5.415215244775062e-06,2cb01699e6e9ef37a47738d500ccb5b286e0004e1bdf24e1c25074e5bad44021
ImageNet ViT-9 local explanation,20,24,GP-uncertainty,0.002264782652180968,3.274319337887022e-08,2cb01699e6e9ef37a47738d500ccb5b286e0004e1bdf24e1c25074e5bad44021
ImageNet ViT-9 local explanation,20,24,ShaplEIG,0.004289327763479983,2.1263738978483104e-06,2cb01699e6e9ef37a47738d500ccb5b286e0004e1bdf24e1c25074e5bad44021
ImageNet ViT-9 local explanation,20,32,GP-LeverageSHAP,0.0050919110273567065,0.0001292768224455676,2cb01699e6e9ef37a47738d500ccb5b286e0004e1bdf24e1c25074e5bad44021
ImageNet ViT-9 local explanation,20,32,GP-random,0.003975727002510271,1.7875091541386112e-06,2cb01699e6e9ef37a47738d500ccb5b286e0004e1bdf24e1c25074e5bad44021
ImageNet ViT-9 local explanation,20,32,GP-uncertainty,0.0031931159200621847,5.998004890539477e-07,2cb01699e6e9ef37a47738d500ccb5b286e0004e1bdf24e1c25074e5bad44021
ImageNet ViT-9 local explanation,20,32,ShaplEIG,0.0029919595846917904,3.036803201128535e-06,2cb01699e6e9ef37a47738d500ccb5b286e0004e1bdf24e1c25074e5bad44021
ImageNet ViT-9 local explanation,20,48,GP-LeverageSHAP,0.00263532839191632,3.266502791854364e-05,2cb01699e6e9ef37a47738d500ccb5b286e0004e1bdf24e1c25074e5bad44021
ImageNet ViT-9 local explanation,20,48,GP-random,0.0026439208825290313,4.016828412445328e-06,2cb01699e6e9ef37a47738d500ccb5b286e0004e1bdf24e1c25074e5bad44021
ImageNet ViT-9 local explanation,20,48,GP-uncertainty,0.0019111727383942562,2.548900776000451e-07,2cb01699e6e9ef37a47738d500ccb5b286e0004e1bdf24e1c25074e5bad44021
ImageNet ViT-9 local explanation,20,48,ShaplEIG,0.0029669529412704367,5.004904604422045e-06,2cb01699e6e9ef37a47738d500ccb5b286e0004e1bdf24e1c25074e5bad44021
ImageNet ViT-9 local explanation,20,64,GP-LeverageSHAP,0.0018335925317075272,1.2004422902389678e-06,2cb01699e6e9ef37a47738d500ccb5b286e0004e1bdf24e1c25074e5bad44021
ImageNet ViT-9 local explanation,20,64,GP-random,0.00023875719517414912,6.540343941985327e-07,2cb01699e6e9ef37a47738d500ccb5b286e0004e1bdf24e1c25074e5bad44021
ImageNet ViT-9 local explanation,20,64,GP-uncertainty,0.0016176183020421872,1.0906028090618136e-06,2cb01699e6e9ef37a47738d500ccb5b286e0004e1bdf24e1c25074e5bad44021
ImageNet ViT-9 local explanation,20,64,ShaplEIG,0.0006861524020824536,9.178590842928713e-08,2cb01699e6e9ef37a47738d500ccb5b286e0004e1bdf24e1c25074e5bad44021
ImageNet ViT-9 local explanation,21,16,GP-LeverageSHAP,0.00993568992193764,3.9879651878571565e-06,b0a7923492def3f14e9817664603473c2cf9938d91f405f4d3faff382c3a71f0
ImageNet ViT-9 local explanation,21,16,GP-random,0.021270593643385044,1.405063420278907e-06,b0a7923492def3f14e9817664603473c2cf9938d91f405f4d3faff382c3a71f0
ImageNet ViT-9 local explanation,21,16,GP-uncertainty,0.028282811996918494,4.115562244444426e-06,b0a7923492def3f14e9817664603473c2cf9938d91f405f4d3faff382c3a71f0
ImageNet ViT-9 local explanation,21,16,ShaplEIG,0.05039268058502769,1.575149860766345e-06,b0a7923492def3f14e9817664603473c2cf9938d91f405f4d3faff382c3a71f0
ImageNet ViT-9 local explanation,21,24,GP-LeverageSHAP,0.007925666654602983,3.1602266594710215e-06,b0a7923492def3f14e9817664603473c2cf9938d91f405f4d3faff382c3a71f0
ImageNet ViT-9 local explanation,21,24,GP-random,0.01380203346893405,2.26295602256954e-07,b0a7923492def3f14e9817664603473c2cf9938d91f405f4d3faff382c3a71f0
ImageNet ViT-9 local explanation,21,24,GP-uncertainty,0.024890912107019967,3.0192276745388824e-07,b0a7923492def3f14e9817664603473c2cf9938d91f405f4d3faff382c3a71f0
ImageNet ViT-9 local explanation,21,24,ShaplEIG,0.01401084874780535,1.3043977364901593e-07,b0a7923492def3f14e9817664603473c2cf9938d91f405f4d3faff382c3a71f0
ImageNet ViT-9 local explanation,21,32,GP-LeverageSHAP,0.005030090969394198,5.879326847246791e-05,b0a7923492def3f14e9817664603473c2cf9938d91f405f4d3faff382c3a71f0
ImageNet ViT-9 local explanation,21,32,GP-random,0.02449622594535146,1.835930448779166e-07,b0a7923492def3f14e9817664603473c2cf9938d91f405f4d3faff382c3a71f0
ImageNet ViT-9 local explanation,21,32,GP-uncertainty,0.006006506965827985,2.9389090427933695e-07,b0a7923492def3f14e9817664603473c2cf9938d91f405f4d3faff382c3a71f0
ImageNet ViT-9 local explanation,21,32,ShaplEIG,0.005194737090734654,1.3569377492861356e-05,b0a7923492def3f14e9817664603473c2cf9938d91f405f4d3faff382c3a71f0
ImageNet ViT-9 local explanation,21,48,GP-LeverageSHAP,0.0020507122288139093,0.00022116236057156957,b0a7923492def3f14e9817664603473c2cf9938d91f405f4d3faff382c3a71f0
ImageNet ViT-9 local explanation,21,48,GP-random,0.004404062463848426,1.3270987497815412e-07,b0a7923492def3f14e9817664603473c2cf9938d91f405f4d3faff382c3a71f0
ImageNet ViT-9 local explanation,21,48,GP-uncertainty,0.0014866100254600936,2.326109033168322e-07,b0a7923492def3f14e9817664603473c2cf9938d91f405f4d3faff382c3a71f0
ImageNet ViT-9 local explanation,21,48,ShaplEIG,0.0015073010970132025,7.087885982748343e-05,b0a7923492def3f14e9817664603473c2cf9938d91f405f4d3faff382c3a71f0
ImageNet ViT-9 local explanation,21,64,GP-LeverageSHAP,0.0014319678395981826,3.3653271597211543e-06,b0a7923492def3f14e9817664603473c2cf9938d91f405f4d3faff382c3a71f0
ImageNet ViT-9 local explanation,21,64,GP-random,0.0030776832496322046,1.0443056164266551e-07,b0a7923492def3f14e9817664603473c2cf9938d91f405f4d3faff382c3a71f0
ImageNet ViT-9 local explanation,21,64,GP-uncertainty,0.0012376406026805252,7.169075165736061e-07,b0a7923492def3f14e9817664603473c2cf9938d91f405f4d3faff382c3a71f0
ImageNet ViT-9 local explanation,21,64,ShaplEIG,0.0005387458020647504,1.9336153450622007e-06,b0a7923492def3f14e9817664603473c2cf9938d91f405f4d3faff382c3a71f0
ImageNet ViT-9 local explanation,22,16,GP-LeverageSHAP,0.04139622303439367,1.4691232133046128e-06,58e89f5a1d319a558e7a2f38a01d755f11a072e4d8a43d3462dd4579aeff5e55
ImageNet ViT-9 local explanation,22,16,GP-random,0.017469408655630094,6.852463865225644e-07,58e89f5a1d319a558e7a2f38a01d755f11a072e4d8a43d3462dd4579aeff5e55
ImageNet ViT-9 local explanation,22,16,GP-uncertainty,0.019225356883519368,9.354812939843526e-07,58e89f5a1d319a558e7a2f38a01d755f11a072e4d8a43d3462dd4579aeff5e55
ImageNet ViT-9 local explanation,22,16,ShaplEIG,0.0591236582775408,2.463344163539105e-06,58e89f5a1d319a558e7a2f38a01d755f11a072e4d8a43d3462dd4579aeff5e55
ImageNet ViT-9 local explanation,22,24,GP-LeverageSHAP,0.008669638455370058,1.139748646727945e-05,58e89f5a1d319a558e7a2f38a01d755f11a072e4d8a43d3462dd4579aeff5e55
ImageNet ViT-9 local explanation,22,24,GP-random,0.012910960851670495,7.182474789479976e-06,58e89f5a1d319a558e7a2f38a01d755f11a072e4d8a43d3462dd4579aeff5e55
ImageNet ViT-9 local explanation,22,24,GP-uncertainty,0.016378805522051045,6.202168859603674e-07,58e89f5a1d319a558e7a2f38a01d755f11a072e4d8a43d3462dd4579aeff5e55
ImageNet ViT-9 local explanation,22,24,ShaplEIG,0.0034231681122688473,1.314410531194632e-06,58e89f5a1d319a558e7a2f38a01d755f11a072e4d8a43d3462dd4579aeff5e55
ImageNet ViT-9 local explanation,22,32,GP-LeverageSHAP,0.006990923996164185,0.00012237556052274723,58e89f5a1d319a558e7a2f38a01d755f11a072e4d8a43d3462dd4579aeff5e55
ImageNet ViT-9 local explanation,22,32,GP-random,0.003891699143153725,2.17410154446096e-06,58e89f5a1d319a558e7a2f38a01d755f11a072e4d8a43d3462dd4579aeff5e55
ImageNet ViT-9 local explanation,22,32,GP-uncertainty,0.002391035496240865,8.137427404131259e-07,58e89f5a1d319a558e7a2f38a01d755f11a072e4d8a43d3462dd4579aeff5e55
ImageNet ViT-9 local explanation,22,32,ShaplEIG,0.010326513071651978,6.249445251849117e-06,58e89f5a1d319a558e7a2f38a01d755f11a072e4d8a43d3462dd4579aeff5e55
ImageNet ViT-9 local explanation,22,48,GP-LeverageSHAP,0.017650856424267343,7.427671421755822e-05,58e89f5a1d319a558e7a2f38a01d755f11a072e4d8a43d3462dd4579aeff5e55
ImageNet ViT-9 local explanation,22,48,GP-random,0.0031585789601047414,3.3680176270145523e-06,58e89f5a1d319a558e7a2f38a01d755f11a072e4d8a43d3462dd4579aeff5e55
ImageNet ViT-9 local explanation,22,48,GP-uncertainty,0.0020603634646617873,1.9581582422212307e-06,58e89f5a1d319a558e7a2f38a01d755f11a072e4d8a43d3462dd4579aeff5e55
ImageNet ViT-9 local explanation,22,48,ShaplEIG,0.005336269823242462,9.814751810610645e-06,58e89f5a1d319a558e7a2f38a01d755f11a072e4d8a43d3462dd4579aeff5e55
ImageNet ViT-9 local explanation,22,64,GP-LeverageSHAP,0.003443567744152204,0.00010604008194592396,58e89f5a1d319a558e7a2f38a01d755f11a072e4d8a43d3462dd4579aeff5e55
ImageNet ViT-9 local explanation,22,64,GP-random,0.0010673676041327575,2.1623143853233273e-06,58e89f5a1d319a558e7a2f38a01d755f11a072e4d8a43d3462dd4579aeff5e55
ImageNet ViT-9 local explanation,22,64,GP-uncertainty,0.002937707489236162,2.531624860413473e-06,58e89f5a1d319a558e7a2f38a01d755f11a072e4d8a43d3462dd4579aeff5e55
ImageNet ViT-9 local explanation,22,64,ShaplEIG,0.0012307049912723066,4.855047650575983e-06,58e89f5a1d319a558e7a2f38a01d755f11a072e4d8a43d3462dd4579aeff5e55
ImageNet ViT-9 local explanation,23,16,GP-LeverageSHAP,0.00809845376707869,7.776182999630343e-06,cf12867cf63b9abf1466db5057573f44cf4488ed3d87eed8acbbe8f93b21ee17
ImageNet ViT-9 local explanation,23,16,GP-random,0.027147001800720175,9.238010569845301e-07,cf12867cf63b9abf1466db5057573f44cf4488ed3d87eed8acbbe8f93b21ee17
ImageNet ViT-9 local explanation,23,16,GP-uncertainty,0.011549109906440312,1.2063240200088643e-06,cf12867cf63b9abf1466db5057573f44cf4488ed3d87eed8acbbe8f93b21ee17
ImageNet ViT-9 local explanation,23,16,ShaplEIG,0.043933134197455634,2.41755309249303e-06,cf12867cf63b9abf1466db5057573f44cf4488ed3d87eed8acbbe8f93b21ee17
ImageNet ViT-9 local explanation,23,24,GP-LeverageSHAP,0.002476817073125419,3.520800758072262e-05,cf12867cf63b9abf1466db5057573f44cf4488ed3d87eed8acbbe8f93b21ee17
ImageNet ViT-9 local explanation,23,24,GP-random,0.008635115418263202,3.4269500357453353e-06,cf12867cf63b9abf1466db5057573f44cf4488ed3d87eed8acbbe8f93b21ee17
ImageNet ViT-9 local explanation,23,24,GP-uncertainty,0.00413414227853104,2.060831686856446e-06,cf12867cf63b9abf1466db5057573f44cf4488ed3d87eed8acbbe8f93b21ee17
ImageNet ViT-9 local explanation,23,24,ShaplEIG,0.020499794154274723,1.631601824092499e-06,cf12867cf63b9abf1466db5057573f44cf4488ed3d87eed8acbbe8f93b21ee17
ImageNet ViT-9 local explanation,23,32,GP-LeverageSHAP,0.006402313921120229,6.122243535966465e-05,cf12867cf63b9abf1466db5057573f44cf4488ed3d87eed8acbbe8f93b21ee17
ImageNet ViT-9 local explanation,23,32,GP-random,0.0039631444093220355,3.312477547923187e-06,cf12867cf63b9abf1466db5057573f44cf4488ed3d87eed8acbbe8f93b21ee17
ImageNet ViT-9 local explanation,23,32,GP-uncertainty,0.0026535890796579365,2.0826084591307747e-06,cf12867cf63b9abf1466db5057573f44cf4488ed3d87eed8acbbe8f93b21ee17
ImageNet ViT-9 local explanation,23,32,ShaplEIG,0.005395844450970452,9.18794625259789e-06,cf12867cf63b9abf1466db5057573f44cf4488ed3d87eed8acbbe8f93b21ee17
ImageNet ViT-9 local explanation,23,48,GP-LeverageSHAP,0.013131096579094595,0.0005091130303622737,cf12867cf63b9abf1466db5057573f44cf4488ed3d87eed8acbbe8f93b21ee17
ImageNet ViT-9 local explanation,23,48,GP-random,0.002303814789057795,3.2423761056055156e-06,cf12867cf63b9abf1466db5057573f44cf4488ed3d87eed8acbbe8f93b21ee17
ImageNet ViT-9 local explanation,23,48,GP-uncertainty,0.0002749950445788952,1.684224317011207e-06,cf12867cf63b9abf1466db5057573f44cf4488ed3d87eed8acbbe8f93b21ee17
ImageNet ViT-9 local explanation,23,48,ShaplEIG,0.0062702677949861155,1.6208786370985884e-05,cf12867cf63b9abf1466db5057573f44cf4488ed3d87eed8acbbe8f93b21ee17
ImageNet ViT-9 local explanation,23,64,GP-LeverageSHAP,0.0031854945653228203,4.515871433763419e-05,cf12867cf63b9abf1466db5057573f44cf4488ed3d87eed8acbbe8f93b21ee17
ImageNet ViT-9 local explanation,23,64,GP-random,0.0007322466329093293,1.6774633329053046e-06,cf12867cf63b9abf1466db5057573f44cf4488ed3d87eed8acbbe8f93b21ee17
ImageNet ViT-9 local explanation,23,64,GP-uncertainty,0.0004713314131056781,2.2132424095655523e-06,cf12867cf63b9abf1466db5057573f44cf4488ed3d87eed8acbbe8f93b21ee17
ImageNet ViT-9 local explanation,23,64,ShaplEIG,0.0019311108306845062,7.622685912700433e-06,cf12867cf63b9abf1466db5057573f44cf4488ed3d87eed8acbbe8f93b21ee17
ImageNet ViT-9 local explanation,24,16,GP-LeverageSHAP,0.004307161502695715,1.9371923396516166e-06,743c6dfd25c2e44cee10a566ff5fa17b98fb6216e013befe2936644f9ec3a153
ImageNet ViT-9 local explanation,24,16,GP-random,0.008245432347174037,9.704583403546962e-07,743c6dfd25c2e44cee10a566ff5fa17b98fb6216e013befe2936644f9ec3a153
ImageNet ViT-9 local explanation,24,16,GP-uncertainty,0.005374436227015696,1.3168730608192902e-06,743c6dfd25c2e44cee10a566ff5fa17b98fb6216e013befe2936644f9ec3a153
ImageNet ViT-9 local explanation,24,16,ShaplEIG,0.010335723152036978,1.5734294832592255e-06,743c6dfd25c2e44cee10a566ff5fa17b98fb6216e013befe2936644f9ec3a153
ImageNet ViT-9 local explanation,24,24,GP-LeverageSHAP,0.009240803837083117,4.58720827878345e-07,743c6dfd25c2e44cee10a566ff5fa17b98fb6216e013befe2936644f9ec3a153
ImageNet ViT-9 local explanation,24,24,GP-random,0.00854732921355797,1.3737495684340573e-06,743c6dfd25c2e44cee10a566ff5fa17b98fb6216e013befe2936644f9ec3a153
ImageNet ViT-9 local explanation,24,24,GP-uncertainty,0.017176627395792305,6.471585198841723e-07,743c6dfd25c2e44cee10a566ff5fa17b98fb6216e013befe2936644f9ec3a153
ImageNet ViT-9 local explanation,24,24,ShaplEIG,0.016601161154529795,4.071040383912816e-06,743c6dfd25c2e44cee10a566ff5fa17b98fb6216e013befe2936644f9ec3a153
ImageNet ViT-9 local explanation,24,32,GP-LeverageSHAP,0.004181184062803666,3.126486127880135e-06,743c6dfd25c2e44cee10a566ff5fa17b98fb6216e013befe2936644f9ec3a153
ImageNet ViT-9 local explanation,24,32,GP-random,0.010665316674042837,1.2689832079582075e-06,743c6dfd25c2e44cee10a566ff5fa17b98fb6216e013befe2936644f9ec3a153
ImageNet ViT-9 local explanation,24,32,GP-uncertainty,0.00407384571124906,7.713197862635468e-07,743c6dfd25c2e44cee10a566ff5fa17b98fb6216e013befe2936644f9ec3a153
ImageNet ViT-9 local explanation,24,32,ShaplEIG,0.01139468997571632,2.3076827959878088e-05,743c6dfd25c2e44cee10a566ff5fa17b98fb6216e013befe2936644f9ec3a153
ImageNet ViT-9 local explanation,24,48,GP-LeverageSHAP,0.0009173029310471158,2.3339339935146697e-06,743c6dfd25c2e44cee10a566ff5fa17b98fb6216e013befe2936644f9ec3a153
ImageNet ViT-9 local explanation,24,48,GP-random,0.009870600016321052,6.048841445505104e-07,743c6dfd25c2e44cee10a566ff5fa17b98fb6216e013befe2936644f9ec3a153
ImageNet ViT-9 local explanation,24,48,GP-uncertainty,0.006625653862276956,9.546761288170558e-07,743c6dfd25c2e44cee10a566ff5fa17b98fb6216e013befe2936644f9ec3a153
ImageNet ViT-9 local explanation,24,48,ShaplEIG,0.006869099310554824,7.188421932369238e-06,743c6dfd25c2e44cee10a566ff5fa17b98fb6216e013befe2936644f9ec3a153
ImageNet ViT-9 local explanation,24,64,GP-LeverageSHAP,3.3212605384090886e-05,1.5554303791631696e-06,743c6dfd25c2e44cee10a566ff5fa17b98fb6216e013befe2936644f9ec3a153
ImageNet ViT-9 local explanation,24,64,GP-random,0.009016103017379328,1.4800328207442703e-07,743c6dfd25c2e44cee10a566ff5fa17b98fb6216e013befe2936644f9ec3a153
ImageNet ViT-9 local explanation,24,64,GP-uncertainty,0.003234862538868608,7.411025098047475e-07,743c6dfd25c2e44cee10a566ff5fa17b98fb6216e013befe2936644f9ec3a153
ImageNet ViT-9 local explanation,24,64,ShaplEIG,0.004832639035415547,6.327099815184312e-06,743c6dfd25c2e44cee10a566ff5fa17b98fb6216e013befe2936644f9ec3a153
ImageNet ViT-9 local explanation,25,16,GP-LeverageSHAP,0.004364998100469187,9.057217922991967e-06,330bd55076bf4f21ba2a68faa48d010f3ed476662e59d2905a15179c743d25e1
ImageNet ViT-9 local explanation,25,16,GP-random,0.01376440268584651,7.225314624381696e-07,330bd55076bf4f21ba2a68faa48d010f3ed476662e59d2905a15179c743d25e1
ImageNet ViT-9 local explanation,25,16,GP-uncertainty,0.006210290992854352,3.9693513297356375e-06,330bd55076bf4f21ba2a68faa48d010f3ed476662e59d2905a15179c743d25e1
ImageNet ViT-9 local explanation,25,16,ShaplEIG,0.006063791795072366,3.290712808579066e-06,330bd55076bf4f21ba2a68faa48d010f3ed476662e59d2905a15179c743d25e1
ImageNet ViT-9 local explanation,25,24,GP-LeverageSHAP,0.0071973904998877325,6.337469837369714e-05,330bd55076bf4f21ba2a68faa48d010f3ed476662e59d2905a15179c743d25e1
ImageNet ViT-9 local explanation,25,24,GP-random,0.018401043402693638,0.0002535062890217654,330bd55076bf4f21ba2a68faa48d010f3ed476662e59d2905a15179c743d25e1
ImageNet ViT-9 local explanation,25,24,GP-uncertainty,0.00969336249923754,6.806737244957617e-06,330bd55076bf4f21ba2a68faa48d010f3ed476662e59d2905a15179c743d25e1
ImageNet ViT-9 local explanation,25,24,ShaplEIG,0.007103277372919524,1.3618456878194962e-05,330bd55076bf4f21ba2a68faa48d010f3ed476662e59d2905a15179c743d25e1
ImageNet ViT-9 local explanation,25,32,GP-LeverageSHAP,0.005573972884879774,0.00012261594669327192,330bd55076bf4f21ba2a68faa48d010f3ed476662e59d2905a15179c743d25e1
ImageNet ViT-9 local explanation,25,32,GP-random,0.013508648828202253,1.0137011588695621e-05,330bd55076bf4f21ba2a68faa48d010f3ed476662e59d2905a15179c743d25e1
ImageNet ViT-9 local explanation,25,32,GP-uncertainty,0.003066793490893018,5.257795885338368e-07,330bd55076bf4f21ba2a68faa48d010f3ed476662e59d2905a15179c743d25e1
ImageNet ViT-9 local explanation,25,32,ShaplEIG,0.0033962556170859613,3.3286870473436814e-05,330bd55076bf4f21ba2a68faa48d010f3ed476662e59d2905a15179c743d25e1
ImageNet ViT-9 local explanation,25,48,GP-LeverageSHAP,0.005858778454698421,0.00013739898683984286,330bd55076bf4f21ba2a68faa48d010f3ed476662e59d2905a15179c743d25e1
ImageNet ViT-9 local explanation,25,48,GP-random,0.012115432593619933,2.7572286547261626e-06,330bd55076bf4f21ba2a68faa48d010f3ed476662e59d2905a15179c743d25e1
ImageNet ViT-9 local explanation,25,48,GP-uncertainty,0.0031197031986066695,1.3628095751894165e-07,330bd55076bf4f21ba2a68faa48d010f3ed476662e59d2905a15179c743d25e1
ImageNet ViT-9 local explanation,25,48,ShaplEIG,0.0017250284380751204,5.634976539936609e-06,330bd55076bf4f21ba2a68faa48d010f3ed476662e59d2905a15179c743d25e1
ImageNet ViT-9 local explanation,25,64,GP-LeverageSHAP,0.003257849503071867,0.00010855158848721569,330bd55076bf4f21ba2a68faa48d010f3ed476662e59d2905a15179c743d25e1
ImageNet ViT-9 local explanation,25,64,GP-random,0.002510368813756859,1.6121471910768292e-06,330bd55076bf4f21ba2a68faa48d010f3ed476662e59d2905a15179c743d25e1
ImageNet ViT-9 local explanation,25,64,GP-uncertainty,0.001021106521797235,8.103115252122706e-07,330bd55076bf4f21ba2a68faa48d010f3ed476662e59d2905a15179c743d25e1
ImageNet ViT-9 local explanation,25,64,ShaplEIG,0.0018351393005985425,6.631145269531125e-05,330bd55076bf4f21ba2a68faa48d010f3ed476662e59d2905a15179c743d25e1
ImageNet ViT-9 local explanation,26,16,GP-LeverageSHAP,0.0004989116369964537,4.336910857105636e-07,5d70be14b8cde253ed42d2f1c1c1d6c4177907820a527ac33fa36150f83e4585
ImageNet ViT-9 local explanation,26,16,GP-random,0.002589571107313856,1.844156635177896e-07,5d70be14b8cde253ed42d2f1c1c1d6c4177907820a527ac33fa36150f83e4585
ImageNet ViT-9 local explanation,26,16,GP-uncertainty,0.0049450585587564105,1.1786599595220437e-06,5d70be14b8cde253ed42d2f1c1c1d6c4177907820a527ac33fa36150f83e4585
ImageNet ViT-9 local explanation,26,16,ShaplEIG,0.0058944744996665376,1.5782930820051888e-06,5d70be14b8cde253ed42d2f1c1c1d6c4177907820a527ac33fa36150f83e4585
ImageNet ViT-9 local explanation,26,24,GP-LeverageSHAP,0.0006754797899080378,1.308087856266571e-05,5d70be14b8cde253ed42d2f1c1c1d6c4177907820a527ac33fa36150f83e4585
ImageNet ViT-9 local explanation,26,24,GP-random,0.0027171758347218,1.022955425922234e-06,5d70be14b8cde253ed42d2f1c1c1d6c4177907820a527ac33fa36150f83e4585
ImageNet ViT-9 local explanation,26,24,GP-uncertainty,0.0003721351649608507,9.456538834218264e-07,5d70be14b8cde253ed42d2f1c1c1d6c4177907820a527ac33fa36150f83e4585
ImageNet ViT-9 local explanation,26,24,ShaplEIG,0.00026322413044004017,7.536866646340457e-07,5d70be14b8cde253ed42d2f1c1c1d6c4177907820a527ac33fa36150f83e4585
ImageNet ViT-9 local explanation,26,32,GP-LeverageSHAP,0.0003243259312031979,1.62259129852238e-05,5d70be14b8cde253ed42d2f1c1c1d6c4177907820a527ac33fa36150f83e4585
ImageNet ViT-9 local explanation,26,32,GP-random,0.0002387474445208639,9.033663477264753e-07,5d70be14b8cde253ed42d2f1c1c1d6c4177907820a527ac33fa36150f83e4585
ImageNet ViT-9 local explanation,26,32,GP-uncertainty,6.733730097874106e-05,1.0370125052006074e-06,5d70be14b8cde253ed42d2f1c1c1d6c4177907820a527ac33fa36150f83e4585
ImageNet ViT-9 local explanation,26,32,ShaplEIG,6.729820512704108e-05,2.1121797135759124e-06,5d70be14b8cde253ed42d2f1c1c1d6c4177907820a527ac33fa36150f83e4585
ImageNet ViT-9 local explanation,26,48,GP-LeverageSHAP,0.00042834572363512855,0.0001191319698919946,5d70be14b8cde253ed42d2f1c1c1d6c4177907820a527ac33fa36150f83e4585
ImageNet ViT-9 local explanation,26,48,GP-random,0.00011055529737823185,1.2149502575109494e-06,5d70be14b8cde253ed42d2f1c1c1d6c4177907820a527ac33fa36150f83e4585
ImageNet ViT-9 local explanation,26,48,GP-uncertainty,6.190762803181393e-05,2.6691088862440537e-06,5d70be14b8cde253ed42d2f1c1c1d6c4177907820a527ac33fa36150f83e4585
ImageNet ViT-9 local explanation,26,48,ShaplEIG,0.00010963912914786178,8.885408828707142e-07,5d70be14b8cde253ed42d2f1c1c1d6c4177907820a527ac33fa36150f83e4585
ImageNet ViT-9 local explanation,26,64,GP-LeverageSHAP,0.00014910986819526408,0.00013645029616726756,5d70be14b8cde253ed42d2f1c1c1d6c4177907820a527ac33fa36150f83e4585
ImageNet ViT-9 local explanation,26,64,GP-random,5.587484002032957e-05,4.795456659545394e-07,5d70be14b8cde253ed42d2f1c1c1d6c4177907820a527ac33fa36150f83e4585
ImageNet ViT-9 local explanation,26,64,GP-uncertainty,8.568787370383895e-05,2.7298786631213545e-07,5d70be14b8cde253ed42d2f1c1c1d6c4177907820a527ac33fa36150f83e4585
ImageNet ViT-9 local explanation,26,64,ShaplEIG,0.00010370110935316296,8.79101041739716e-06,5d70be14b8cde253ed42d2f1c1c1d6c4177907820a527ac33fa36150f83e4585
ImageNet ViT-9 local explanation,27,16,GP-LeverageSHAP,0.04960997097117238,9.8931480487785e-06,df03f1604cef78fd2fb867243257fd858022e7ab83b414bf70ad46ae5cf6e9b2
ImageNet ViT-9 local explanation,27,16,GP-random,0.010289597325827599,6.356330839674129e-06,df03f1604cef78fd2fb867243257fd858022e7ab83b414bf70ad46ae5cf6e9b2
ImageNet ViT-9 local explanation,27,16,GP-uncertainty,0.003678081378058911,6.708690856171984e-07,df03f1604cef78fd2fb867243257fd858022e7ab83b414bf70ad46ae5cf6e9b2
ImageNet ViT-9 local explanation,27,16,ShaplEIG,0.004289800397744784,3.1890244753807195e-06,df03f1604cef78fd2fb867243257fd858022e7ab83b414bf70ad46ae5cf6e9b2
ImageNet ViT-9 local explanation,27,24,GP-LeverageSHAP,0.004107049383756189,2.6547196322890265e-05,df03f1604cef78fd2fb867243257fd858022e7ab83b414bf70ad46ae5cf6e9b2
ImageNet ViT-9 local explanation,27,24,GP-random,0.0035523204638507767,9.425933273909948e-07,df03f1604cef78fd2fb867243257fd858022e7ab83b414bf70ad46ae5cf6e9b2
ImageNet ViT-9 local explanation,27,24,GP-uncertainty,0.004811045526258303,4.6235095418900585e-07,df03f1604cef78fd2fb867243257fd858022e7ab83b414bf70ad46ae5cf6e9b2
ImageNet ViT-9 local explanation,27,24,ShaplEIG,0.0035419441819296857,8.593346125795875e-07,df03f1604cef78fd2fb867243257fd858022e7ab83b414bf70ad46ae5cf6e9b2
ImageNet ViT-9 local explanation,27,32,GP-LeverageSHAP,0.003745645787007664,1.636120278503128e-05,df03f1604cef78fd2fb867243257fd858022e7ab83b414bf70ad46ae5cf6e9b2
ImageNet ViT-9 local explanation,27,32,GP-random,0.0028088582991107666,2.476594174960489e-06,df03f1604cef78fd2fb867243257fd858022e7ab83b414bf70ad46ae5cf6e9b2
ImageNet ViT-9 local explanation,27,32,GP-uncertainty,0.004458031719138617,2.8301326853164e-06,df03f1604cef78fd2fb867243257fd858022e7ab83b414bf70ad46ae5cf6e9b2
ImageNet ViT-9 local explanation,27,32,ShaplEIG,0.004347342332541161,8.673323222962992e-07,df03f1604cef78fd2fb867243257fd858022e7ab83b414bf70ad46ae5cf6e9b2
ImageNet ViT-9 local explanation,27,48,GP-LeverageSHAP,0.0020315277496073957,9.514203334615168e-06,df03f1604cef78fd2fb867243257fd858022e7ab83b414bf70ad46ae5cf6e9b2
ImageNet ViT-9 local explanation,27,48,GP-random,0.0043049513069135644,4.0625177533115675e-07,df03f1604cef78fd2fb867243257fd858022e7ab83b414bf70ad46ae5cf6e9b2
ImageNet ViT-9 local explanation,27,48,GP-uncertainty,0.0012301272502464912,1.3844697314135956e-06,df03f1604cef78fd2fb867243257fd858022e7ab83b414bf70ad46ae5cf6e9b2
ImageNet ViT-9 local explanation,27,48,ShaplEIG,0.0015840251280497758,2.672923562707652e-06,df03f1604cef78fd2fb867243257fd858022e7ab83b414bf70ad46ae5cf6e9b2
ImageNet ViT-9 local explanation,27,64,GP-LeverageSHAP,0.00221796775097825,3.619373857266517e-05,df03f1604cef78fd2fb867243257fd858022e7ab83b414bf70ad46ae5cf6e9b2
ImageNet ViT-9 local explanation,27,64,GP-random,0.0015166906686540427,3.3098375674667224e-06,df03f1604cef78fd2fb867243257fd858022e7ab83b414bf70ad46ae5cf6e9b2
ImageNet ViT-9 local explanation,27,64,GP-uncertainty,0.0019301178756085645,1.1954960724702701e-06,df03f1604cef78fd2fb867243257fd858022e7ab83b414bf70ad46ae5cf6e9b2
ImageNet ViT-9 local explanation,27,64,ShaplEIG,0.0009670672352456074,5.356597045924616e-07,df03f1604cef78fd2fb867243257fd858022e7ab83b414bf70ad46ae5cf6e9b2
ImageNet ViT-9 local explanation,28,16,GP-LeverageSHAP,0.005207960582066797,2.752698406660592e-06,1279b6d1726ad624d378b08150e2d50056aca3e929360dcecf27748d216f392c
ImageNet ViT-9 local explanation,28,16,GP-random,0.0026685454743736983,1.1048141896896624e-06,1279b6d1726ad624d378b08150e2d50056aca3e929360dcecf27748d216f392c
ImageNet ViT-9 local explanation,28,16,GP-uncertainty,0.001752471779910461,8.935740509752321e-07,1279b6d1726ad624d378b08150e2d50056aca3e929360dcecf27748d216f392c
ImageNet ViT-9 local explanation,28,16,ShaplEIG,0.0024729839848729074,3.232354147120198e-07,1279b6d1726ad624d378b08150e2d50056aca3e929360dcecf27748d216f392c
ImageNet ViT-9 local explanation,28,24,GP-LeverageSHAP,0.0007309704537092326,2.9665246507049048e-06,1279b6d1726ad624d378b08150e2d50056aca3e929360dcecf27748d216f392c
ImageNet ViT-9 local explanation,28,24,GP-random,0.0016306825369912096,1.1416323945079299e-06,1279b6d1726ad624d378b08150e2d50056aca3e929360dcecf27748d216f392c
ImageNet ViT-9 local explanation,28,24,GP-uncertainty,0.0005959522691443745,1.8254195264244544e-06,1279b6d1726ad624d378b08150e2d50056aca3e929360dcecf27748d216f392c
ImageNet ViT-9 local explanation,28,24,ShaplEIG,0.0014984246461079305,2.360731587880416e-06,1279b6d1726ad624d378b08150e2d50056aca3e929360dcecf27748d216f392c
ImageNet ViT-9 local explanation,28,32,GP-LeverageSHAP,0.0015276836118330254,3.5729891255109614e-06,1279b6d1726ad624d378b08150e2d50056aca3e929360dcecf27748d216f392c
ImageNet ViT-9 local explanation,28,32,GP-random,0.0015222611355054643,1.788398462987395e-06,1279b6d1726ad624d378b08150e2d50056aca3e929360dcecf27748d216f392c
ImageNet ViT-9 local explanation,28,32,GP-uncertainty,0.00019949187593884695,3.5415339855182637e-07,1279b6d1726ad624d378b08150e2d50056aca3e929360dcecf27748d216f392c
ImageNet ViT-9 local explanation,28,32,ShaplEIG,0.00046916245314924384,3.6359504332339476e-06,1279b6d1726ad624d378b08150e2d50056aca3e929360dcecf27748d216f392c
ImageNet ViT-9 local explanation,28,48,GP-LeverageSHAP,0.001622117632564524,2.019820906840053e-05,1279b6d1726ad624d378b08150e2d50056aca3e929360dcecf27748d216f392c
ImageNet ViT-9 local explanation,28,48,GP-random,0.0008806590899781032,1.0111280406288614e-06,1279b6d1726ad624d378b08150e2d50056aca3e929360dcecf27748d216f392c
ImageNet ViT-9 local explanation,28,48,GP-uncertainty,0.00025084413899063103,1.1421549401258169e-06,1279b6d1726ad624d378b08150e2d50056aca3e929360dcecf27748d216f392c
ImageNet ViT-9 local explanation,28,48,ShaplEIG,0.0006049013213618106,3.2871698932290805e-06,1279b6d1726ad624d378b08150e2d50056aca3e929360dcecf27748d216f392c
ImageNet ViT-9 local explanation,28,64,GP-LeverageSHAP,0.0008805211952026937,1.61522311955542e-05,1279b6d1726ad624d378b08150e2d50056aca3e929360dcecf27748d216f392c
ImageNet ViT-9 local explanation,28,64,GP-random,0.000252299659335305,5.198797834449209e-07,1279b6d1726ad624d378b08150e2d50056aca3e929360dcecf27748d216f392c
ImageNet ViT-9 local explanation,28,64,GP-uncertainty,0.00013348266722612587,1.5420228183793405e-06,1279b6d1726ad624d378b08150e2d50056aca3e929360dcecf27748d216f392c
ImageNet ViT-9 local explanation,28,64,ShaplEIG,7.641255129365969e-05,3.4036918553637108e-06,1279b6d1726ad624d378b08150e2d50056aca3e929360dcecf27748d216f392c
ImageNet ViT-9 local explanation,29,16,GP-LeverageSHAP,0.006846665912355321,8.796831043600406e-07,f9b8febd2a9dc82b10c17275ec4e62f7283eb80a793b7427817f64c63cd5ad65
ImageNet ViT-9 local explanation,29,16,GP-random,0.00679981896591274,4.1399762774618765e-06,f9b8febd2a9dc82b10c17275ec4e62f7283eb80a793b7427817f64c63cd5ad65
ImageNet ViT-9 local explanation,29,16,GP-uncertainty,0.007085653720919048,1.3164309577984312e-06,f9b8febd2a9dc82b10c17275ec4e62f7283eb80a793b7427817f64c63cd5ad65
ImageNet ViT-9 local explanation,29,16,ShaplEIG,0.00638272338101505,4.401711201085234e-06,f9b8febd2a9dc82b10c17275ec4e62f7283eb80a793b7427817f64c63cd5ad65
ImageNet ViT-9 local explanation,29,24,GP-LeverageSHAP,0.007820057988909609,8.77979427715836e-06,f9b8febd2a9dc82b10c17275ec4e62f7283eb80a793b7427817f64c63cd5ad65
ImageNet ViT-9 local explanation,29,24,GP-random,0.006924968365813704,1.3736956949728096e-07,f9b8febd2a9dc82b10c17275ec4e62f7283eb80a793b7427817f64c63cd5ad65
ImageNet ViT-9 local explanation,29,24,GP-uncertainty,0.0027072855624388154,2.5934907091906823e-06,f9b8febd2a9dc82b10c17275ec4e62f7283eb80a793b7427817f64c63cd5ad65
ImageNet ViT-9 local explanation,29,24,ShaplEIG,0.007363132217507505,4.156346629091701e-06,f9b8febd2a9dc82b10c17275ec4e62f7283eb80a793b7427817f64c63cd5ad65
ImageNet ViT-9 local explanation,29,32,GP-LeverageSHAP,0.006822288115571948,0.0001238144503942218,f9b8febd2a9dc82b10c17275ec4e62f7283eb80a793b7427817f64c63cd5ad65
ImageNet ViT-9 local explanation,29,32,GP-random,0.000500994197614589,1.5819954135576353e-07,f9b8febd2a9dc82b10c17275ec4e62f7283eb80a793b7427817f64c63cd5ad65
ImageNet ViT-9 local explanation,29,32,GP-uncertainty,0.0007418802262072589,1.4746308558577503e-05,f9b8febd2a9dc82b10c17275ec4e62f7283eb80a793b7427817f64c63cd5ad65
ImageNet ViT-9 local explanation,29,32,ShaplEIG,0.004320959213087851,7.149920076887639e-06,f9b8febd2a9dc82b10c17275ec4e62f7283eb80a793b7427817f64c63cd5ad65
ImageNet ViT-9 local explanation,29,48,GP-LeverageSHAP,0.0006689165686688028,0.00013205253803783013,f9b8febd2a9dc82b10c17275ec4e62f7283eb80a793b7427817f64c63cd5ad65
ImageNet ViT-9 local explanation,29,48,GP-random,0.0003326059540075352,2.2073335816941153e-06,f9b8febd2a9dc82b10c17275ec4e62f7283eb80a793b7427817f64c63cd5ad65
ImageNet ViT-9 local explanation,29,48,GP-uncertainty,0.0006856679156036828,1.411734570022638e-06,f9b8febd2a9dc82b10c17275ec4e62f7283eb80a793b7427817f64c63cd5ad65
ImageNet ViT-9 local explanation,29,48,ShaplEIG,0.005816633760398759,1.6397261888512205e-05,f9b8febd2a9dc82b10c17275ec4e62f7283eb80a793b7427817f64c63cd5ad65
ImageNet ViT-9 local explanation,29,64,GP-LeverageSHAP,6.325302807682546e-05,1.5359558040217713e-05,f9b8febd2a9dc82b10c17275ec4e62f7283eb80a793b7427817f64c63cd5ad65
ImageNet ViT-9 local explanation,29,64,GP-random,0.00031671316936132384,3.686609199027302e-07,f9b8febd2a9dc82b10c17275ec4e62f7283eb80a793b7427817f64c63cd5ad65
ImageNet ViT-9 local explanation,29,64,GP-uncertainty,0.0005262955479826628,4.652223660084331e-06,f9b8febd2a9dc82b10c17275ec4e62f7283eb80a793b7427817f64c63cd5ad65
ImageNet ViT-9 local explanation,29,64,ShaplEIG,0.002358905043931622,5.5847820176979646e-05,f9b8febd2a9dc82b10c17275ec4e62f7283eb80a793b7427817f64c63cd5ad65
ImageNet ViT-9 local explanation,30,16,GP-LeverageSHAP,0.017653434129596617,3.7712317682014884e-06,14545393c5f9921424584ed72e2bafdb315f73a372659866043da102b89d2070
ImageNet ViT-9 local explanation,30,16,GP-random,0.01375049107827362,1.856263687649573e-06,14545393c5f9921424584ed72e2bafdb315f73a372659866043da102b89d2070
ImageNet ViT-9 local explanation,30,16,GP-uncertainty,0.012427285665130409,4.600971795332143e-06,14545393c5f9921424584ed72e2bafdb315f73a372659866043da102b89d2070
ImageNet ViT-9 local explanation,30,16,ShaplEIG,0.011950163578479714,1.2661083768072956e-06,14545393c5f9921424584ed72e2bafdb315f73a372659866043da102b89d2070
ImageNet ViT-9 local explanation,30,24,GP-LeverageSHAP,0.006706490002865747,6.116854572846275e-05,14545393c5f9921424584ed72e2bafdb315f73a372659866043da102b89d2070
ImageNet ViT-9 local explanation,30,24,GP-random,0.0031088553780467595,8.739169597982155e-07,14545393c5f9921424584ed72e2bafdb315f73a372659866043da102b89d2070
ImageNet ViT-9 local explanation,30,24,GP-uncertainty,0.0023614117628886913,8.981267446417363e-07,14545393c5f9921424584ed72e2bafdb315f73a372659866043da102b89d2070
ImageNet ViT-9 local explanation,30,24,ShaplEIG,0.013173302119128684,2.117313555816125e-06,14545393c5f9921424584ed72e2bafdb315f73a372659866043da102b89d2070
ImageNet ViT-9 local explanation,30,32,GP-LeverageSHAP,0.00486354271799418,0.011791684920916312,14545393c5f9921424584ed72e2bafdb315f73a372659866043da102b89d2070
ImageNet ViT-9 local explanation,30,32,GP-random,0.001975753106676981,1.5364721961397265e-07,14545393c5f9921424584ed72e2bafdb315f73a372659866043da102b89d2070
ImageNet ViT-9 local explanation,30,32,GP-uncertainty,0.002023378418658386,7.086197688632723e-07,14545393c5f9921424584ed72e2bafdb315f73a372659866043da102b89d2070
ImageNet ViT-9 local explanation,30,32,ShaplEIG,0.00287252901082213,9.382234773536169e-07,14545393c5f9921424584ed72e2bafdb315f73a372659866043da102b89d2070
ImageNet ViT-9 local explanation,30,48,GP-LeverageSHAP,0.0006449272827393713,5.1207317560475474e-05,14545393c5f9921424584ed72e2bafdb315f73a372659866043da102b89d2070
ImageNet ViT-9 local explanation,30,48,GP-random,0.0015194366833549521,9.439139646572059e-07,14545393c5f9921424584ed72e2bafdb315f73a372659866043da102b89d2070
ImageNet ViT-9 local explanation,30,48,GP-uncertainty,0.0024455797891683915,1.0054974651785287e-06,14545393c5f9921424584ed72e2bafdb315f73a372659866043da102b89d2070
ImageNet ViT-9 local explanation,30,48,ShaplEIG,0.002601191575424993,3.7246457972317515e-06,14545393c5f9921424584ed72e2bafdb315f73a372659866043da102b89d2070
ImageNet ViT-9 local explanation,30,64,GP-LeverageSHAP,0.0010774315901574117,3.3180000836185997e-05,14545393c5f9921424584ed72e2bafdb315f73a372659866043da102b89d2070
ImageNet ViT-9 local explanation,30,64,GP-random,0.0012124588858354055,3.456848283511782e-06,14545393c5f9921424584ed72e2bafdb315f73a372659866043da102b89d2070
ImageNet ViT-9 local explanation,30,64,GP-uncertainty,0.0018814616839441553,5.273651846326999e-07,14545393c5f9921424584ed72e2bafdb315f73a372659866043da102b89d2070
ImageNet ViT-9 local explanation,30,64,ShaplEIG,0.000886106539852033,2.9616616061822754e-06,14545393c5f9921424584ed72e2bafdb315f73a372659866043da102b89d2070
